,donorID,amount,language,age,province,gender,gend,prov_01,prov_02,prov_03,prov_04,lang_01,lang_02,lang_03,donor,age_2
87,100023,15.0,FR,65.0,Brussels,M,0,0,0,0,1,0,1,0,0,0
542,100126,123.0,NL,32.0,Brussels,M,0,0,0,0,1,1,0,0,1,1
797,100253,120.0,NL,62.0,Flemish Brabant,M,0,0,0,0,1,1,0,0,1,1
949,100279,75.0,NL,46.0,Flemish Brabant,M,0,0,0,0,1,1,0,0,1,1
1303,100320,135.0,NL,40.0,Flemish Brabant,F,1,0,0,0,1,1,0,0,1,1
1395,100335,30.0,NL,74.0,Flemish Brabant,F,1,0,0,0,1,1,0,0,0,0
1694,100371,30.0,NL,93.0,Flemish Brabant,M,0,0,0,0,1,1,0,0,0,0
1700,100374,123.0,NL,42.0,Flemish Brabant,F,1,0,0,0,1,1,0,0,1,1
1874,100397,150.0,NL,87.0,Flemish Brabant,F,1,0,0,0,1,1,0,0,1,1
2286,100444,150.0,NL,75.0,West Flanders,F,1,0,1,0,1,1,0,0,1,1
3059,100561,150.0,NL,65.0,Antwerp,F,1,1,0,0,1,1,0,0,1,1
3126,100572,15.0,NL,80.0,Antwerp,F,1,1,0,0,1,1,0,0,0,0
3235,100590,120.0,NL,92.0,Antwerp,F,1,1,0,0,1,1,0,0,1,1
3783,100656,135.0,NL,54.0,Antwerp,F,1,1,0,0,1,1,0,0,1,1
4116,100705,120.0,NL,51.0,Antwerp,F,1,1,0,0,1,1,0,0,1,1
4478,100738,15.0,NL,61.0,Antwerp,F,1,1,0,0,1,1,0,0,0,0
4492,100745,30.0,NL,30.0,Antwerp,F,1,1,0,0,1,1,0,0,0,0
4688,100778,60.0,NL,59.0,Antwerp,F,1,1,0,0,1,1,0,0,0,1
4727,100781,15.0,NL,31.0,Antwerp,F,1,1,0,0,1,1,0,0,0,0
5008,100830,120.0,NL,63.0,Antwerp,F,1,1,0,0,1,1,0,0,1,1
5379,100864,120.0,NL,89.0,Antwerp,F,1,1,0,0,1,1,0,0,1,1
5833,100920,120.0,NL,65.0,Antwerp,F,1,1,0,0,1,1,0,0,1,1
6215,100985,120.0,NL,59.0,Antwerp,F,1,1,0,0,1,1,0,0,1,1
6521,202036,21.0,NL,59.0,Limburg,F,1,0,0,0,1,1,0,0,0,0
6565,101019,123.0,NL,62.0,Antwerp,M,0,1,0,0,1,1,0,0,1,1
6625,101036,120.0,NL,60.0,Antwerp,F,1,1,0,0,1,1,0,0,1,1
6634,101039,150.0,NL,34.0,Antwerp,F,1,1,0,0,1,1,0,0,1,1
6832,101068,123.0,NL,47.0,Antwerp,F,1,1,0,0,1,1,0,0,1,1
7171,101130,120.0,NL,66.0,Antwerp,F,1,1,0,0,1,1,0,0,1,1
7502,101190,30.0,NL,58.0,Antwerp,F,1,1,0,0,1,1,0,0,0,0
8231,101284,120.0,NL,30.0,Antwerp,F,1,1,0,0,1,1,0,0,1,1
8498,101343,300.0,NL,95.0,Flemish Brabant,F,1,0,0,0,1,1,0,0,1,1
8500,101344,75.0,NL,40.0,East Flanders,F,1,0,0,1,1,1,0,0,1,1
8524,101347,120.0,NL,62.0,East Flanders,F,1,0,0,1,1,1,0,0,1,1
8843,101382,9.0,NL,32.0,East Flanders,F,1,0,0,1,1,1,0,0,0,0
9176,101424,150.0,NL,47.0,East Flanders,M,0,0,0,1,1,1,0,0,1,1
9568,101484,150.0,NL,39.0,Antwerp,F,1,1,0,0,1,1,0,0,1,1
9674,101508,123.0,NL,50.0,Antwerp,M,0,1,0,0,1,1,0,0,1,1
9722,101513,120.0,NL,56.0,Antwerp,F,1,1,0,0,1,1,0,0,1,1
9894,101546,60.0,NL,49.0,Flemish Brabant,M,0,0,0,0,1,1,0,0,0,1
10169,101602,90.0,NL,73.0,Flemish Brabant,F,1,0,0,0,1,1,0,0,1,1
10176,101606,45.0,NL,78.0,Flemish Brabant,F,1,0,0,0,1,1,0,0,0,0
10343,101632,120.0,NL,47.0,Flemish Brabant,F,1,0,0,0,1,1,0,0,1,1
10709,101696,120.0,NL,90.0,Flemish Brabant,F,1,0,0,0,1,1,0,0,1,1
11163,101761,30.0,NL,75.0,Antwerp,F,1,1,0,0,1,1,0,0,0,0
11172,101764,123.0,NL,74.0,Antwerp,F,1,1,0,0,1,1,0,0,1,1
11720,101822,120.0,NL,87.0,Flemish Brabant,F,1,0,0,0,1,1,0,0,1,1
11915,101856,30.0,NL,70.0,Flemish Brabant,F,1,0,0,0,1,1,0,0,0,0
12153,101884,9.0,NL,57.0,Flemish Brabant,M,0,0,0,0,1,1,0,0,0,0
12578,101939,120.0,NL,27.0,Limburg,F,1,0,0,0,1,1,0,0,1,1
12677,101966,135.0,NL,83.0,Limburg,F,1,0,0,0,1,1,0,0,1,1
13595,102052,60.0,NL,32.0,Limburg,M,0,0,0,0,1,1,0,0,0,1
13879,102105,15.0,NL,30.0,Limburg,F,1,0,0,0,1,1,0,0,0,0
14434,102155,15.0,NL,38.0,Limburg,F,1,0,0,0,1,1,0,0,0,0
14627,102183,7.5,NL,91.0,Limburg,M,0,0,0,0,1,1,0,0,0,0
14824,102216,120.0,NL,64.0,Limburg,F,1,0,0,0,1,1,0,0,1,1
14850,102221,120.0,NL,49.0,Limburg,F,1,0,0,0,1,1,0,0,1,1
14867,102230,30.0,FR,55.0,Liege,M,0,0,0,0,1,0,1,0,0,0
14879,102242,15.0,FR,42.0,Liege,M,0,0,0,0,1,0,1,0,0,0
14905,102257,210.0,NL,47.0,Limburg,F,1,0,0,0,1,1,0,0,1,1
14952,102277,7.5,FR,61.0,Liege,M,0,0,0,0,1,0,1,0,0,0
14974,102289,60.0,FR,71.0,Liege,M,0,0,0,0,1,0,1,0,0,1
14994,102301,120.0,FR,56.0,Liege,M,0,0,0,0,1,0,1,0,1,1
14997,102302,15.0,FR,29.0,Namur,M,0,0,0,0,1,0,1,0,0,0
15131,102361,30.0,FR,77.0,Namur,F,1,0,0,0,1,0,1,0,0,0
15283,102466,120.0,FR,72.0,Luxembourg,F,1,0,0,0,1,0,1,0,1,1
15303,102483,60.0,FR,67.0,Hainaut,F,1,0,0,0,1,0,1,0,0,1
15335,102503,150.0,FR,53.0,Hainaut,F,1,0,0,0,1,0,1,0,1,1
16412,102639,123.0,NL,73.0,West Flanders,M,0,0,1,0,1,1,0,0,1,1
16575,102655,150.0,NL,25.0,West Flanders,F,1,0,1,0,1,1,0,0,1,1
16692,205354,21.0,NL,59.0,West Flanders,M,0,0,1,0,1,1,0,0,0,0
17340,102744,30.0,NL,69.0,West Flanders,M,0,0,1,0,1,1,0,0,0,0
17361,102746,120.0,NL,42.0,West Flanders,F,1,0,1,0,1,1,0,0,1,1
17596,102771,120.0,NL,73.0,West Flanders,M,0,0,1,0,1,1,0,0,1,1
18093,102829,75.0,NL,59.0,West Flanders,M,0,0,1,0,1,1,0,0,1,1
18485,102866,12.0,NL,29.0,West Flanders,M,0,0,1,0,1,1,0,0,0,0
18673,102886,30.0,NL,36.0,West Flanders,M,0,0,1,0,1,1,0,0,0,0
18915,102921,15.0,NL,49.0,West Flanders,M,0,0,1,0,1,1,0,0,0,0
19074,102943,120.0,NL,54.0,West Flanders,F,1,0,1,0,1,1,0,0,1,1
19183,102959,30.0,NL,70.0,West Flanders,M,0,0,1,0,1,1,0,0,0,0
20000,103047,150.0,NL,66.0,West Flanders,F,1,0,1,0,1,1,0,0,1,1
20110,103062,30.0,NL,58.0,West Flanders,F,1,0,1,0,1,1,0,0,0,0
20168,103069,75.0,NL,96.0,West Flanders,M,0,0,1,0,1,1,0,0,1,1
20401,103089,450.0,NL,41.0,West Flanders,F,1,0,1,0,1,1,0,0,1,1
20476,103096,75.0,NL,48.0,West Flanders,F,1,0,1,0,1,1,0,0,1,1
20769,103120,15.0,NL,81.0,West Flanders,F,1,0,1,0,1,1,0,0,0,0
21148,103157,6.0,NL,46.0,West Flanders,F,1,0,1,0,1,1,0,0,0,0
21254,103170,30.0,NL,95.0,West Flanders,M,0,0,1,0,1,1,0,0,0,0
21403,103186,120.0,NL,49.0,East Flanders,M,0,0,0,1,1,1,0,0,1,1
21866,103249,120.0,NL,43.0,East Flanders,F,1,0,0,1,1,1,0,0,1,1
21977,103259,123.0,NL,36.0,East Flanders,F,1,0,0,1,1,1,0,0,1,1
22191,103292,75.0,NL,30.0,East Flanders,F,1,0,0,1,1,1,0,0,1,1
22203,103295,123.0,NL,29.0,East Flanders,F,1,0,0,1,1,1,0,0,1,1
22239,103310,120.0,NL,46.0,East Flanders,F,1,0,0,1,1,1,0,0,1,1
22403,103329,120.0,NL,72.0,Antwerp,F,1,1,0,0,1,1,0,0,1,1
22461,103338,150.0,NL,53.0,East Flanders,M,0,0,0,1,1,1,0,0,1,1
22727,103368,30.0,NL,52.0,East Flanders,F,1,0,0,1,1,1,0,0,0,0
22836,103390,123.0,NL,56.0,East Flanders,M,0,0,0,1,1,1,0,0,1,1
22971,103406,15.0,NL,40.0,East Flanders,M,0,0,0,1,1,1,0,0,0,0
23235,103456,30.0,NL,95.0,West Flanders,M,0,0,1,0,1,1,0,0,0,0
23640,103510,150.0,NL,61.0,East Flanders,M,0,0,0,1,1,1,0,0,1,1
23792,103540,120.0,NL,55.0,West Flanders,F,1,0,1,0,1,1,0,0,1,1
23806,103541,120.0,NL,81.0,East Flanders,F,1,0,0,1,1,1,0,0,1,1
24170,103597,150.0,NL,63.0,East Flanders,F,1,0,0,1,1,1,0,0,1,1
24273,103606,120.0,NL,53.0,East Flanders,F,1,0,0,1,1,1,0,0,1,1
24346,103618,75.0,NL,88.0,East Flanders,M,0,0,0,1,1,1,0,0,1,1
24378,103620,30.0,NL,30.0,East Flanders,F,1,0,0,1,1,1,0,0,0,0
24624,103651,75.0,NL,64.0,East Flanders,F,1,0,0,1,1,1,0,0,1,1
24658,103655,270.0,NL,67.0,East Flanders,M,0,0,0,1,1,1,0,0,1,1
24897,103685,123.0,NL,56.0,East Flanders,F,1,0,0,1,1,1,0,0,1,1
25003,103706,150.0,NL,92.0,East Flanders,M,0,0,0,1,1,1,0,0,1,1
25168,103742,300.0,NL,90.0,West Flanders,F,1,0,1,0,1,1,0,0,1,1
25312,103754,120.0,NL,48.0,East Flanders,M,0,0,0,1,1,1,0,0,1,1
25407,103772,75.0,NL,65.0,East Flanders,M,0,0,0,1,1,1,0,0,1,1
25713,103826,120.0,NL,34.0,East Flanders,F,1,0,0,1,1,1,0,0,1,1
26160,103890,120.0,NL,78.0,East Flanders,M,0,0,0,1,1,1,0,0,1,1
26696,103935,15.0,FR,34.0,Walloon Brabant,F,1,0,0,0,1,0,1,0,0,0
26790,103953,3.75,NL,55.0,West Flanders,F,1,0,1,0,1,1,0,0,0,0
26910,103971,30.0,NL,84.0,East Flanders,M,0,0,0,1,1,1,0,0,0,0
27070,103991,375.0,NL,67.0,Flemish Brabant,F,1,0,0,0,1,1,0,0,1,1
27309,104066,120.0,NL,67.0,West Flanders,F,1,0,1,0,1,1,0,0,1,1
27331,104078,120.0,FR,73.0,Liege,F,1,0,0,0,1,0,1,0,1,1
27744,104164,75.0,NL,63.0,West Flanders,M,0,0,1,0,1,1,0,0,1,1
28135,104232,60.0,NL,64.0,Antwerp,F,1,1,0,0,1,1,0,0,0,1
28170,104255,75.0,NL,68.0,Flemish Brabant,F,1,0,0,0,1,1,0,0,1,1
28309,104280,60.0,NL,63.0,West Flanders,F,1,0,1,0,1,1,0,0,0,1
28367,104290,123.0,NL,32.0,East Flanders,F,1,0,0,1,1,1,0,0,1,1
28753,104342,30.0,NL,58.0,West Flanders,M,0,0,1,0,1,1,0,0,0,0
29025,104396,150.0,NL,38.0,Flemish Brabant,F,1,0,0,0,1,1,0,0,1,1
29166,104415,123.0,FR,85.0,Hainaut,F,1,0,0,0,1,0,1,0,1,1
30400,104597,150.0,NL,73.0,East Flanders,F,1,0,0,1,1,1,0,0,1,1
30512,104615,30.0,FR,82.0,Liege,M,0,0,0,0,1,0,1,0,0,0
31154,104692,10.2,NL,26.0,Limburg,M,0,0,0,0,1,1,0,0,0,0
31247,104714,45.0,NL,28.0,East Flanders,F,1,0,0,1,1,1,0,0,0,0
31311,104720,60.0,NL,47.0,Limburg,M,0,0,0,0,1,1,0,0,0,1
31465,104752,120.0,NL,52.0,Antwerp,F,1,1,0,0,1,1,0,0,1,1
31752,104826,45.0,NL,79.0,Antwerp,M,0,1,0,0,1,1,0,0,0,0
31815,104849,15.0,NL,38.0,East Flanders,M,0,0,0,1,1,1,0,0,0,0
31819,104851,123.0,NL,26.0,Flemish Brabant,F,1,0,0,0,1,1,0,0,1,1
31834,104854,45.0,NL,41.0,Antwerp,F,1,1,0,0,1,1,0,0,0,0
31839,104856,120.0,FR,56.0,Brussels,F,1,0,0,0,1,0,1,0,1,1
32563,104989,15.0,NL,33.0,East Flanders,F,1,0,0,1,1,1,0,0,0,0
32653,105020,300.0,EN,54.0,Missing,M,0,0,0,0,1,0,0,1,1,1
33201,210268,300.0,NL,59.0,West Flanders,F,1,0,1,0,1,1,0,0,1,1
33347,105159,120.0,NL,36.0,West Flanders,M,0,0,1,0,1,1,0,0,1,1
33385,105164,300.0,NL,60.0,East Flanders,F,1,0,0,1,1,1,0,0,1,1
33545,105185,150.0,NL,52.0,Antwerp,F,1,1,0,0,1,1,0,0,1,1
34319,105247,135.0,NL,43.0,Brussels,F,1,0,0,0,1,1,0,0,1,1
34638,105285,60.0,NL,34.0,Antwerp,M,0,1,0,0,1,1,0,0,0,1
34732,105316,7.5,FR,34.0,Hainaut,M,0,0,0,0,1,0,1,0,0,0
34750,1474536,183.0,NL,59.0,Antwerp,F,1,1,0,0,1,1,0,0,1,1
35305,105417,6.0,NL,40.0,Flemish Brabant,M,0,0,0,0,1,1,0,0,0,0
35527,105448,75.0,NL,87.0,West Flanders,M,0,0,1,0,1,1,0,0,1,1
35605,105462,15.0,NL,61.0,West Flanders,M,0,0,1,0,1,1,0,0,0,0
35618,105463,150.0,NL,29.0,Flemish Brabant,F,1,0,0,0,1,1,0,0,1,1
35626,105468,123.0,NL,76.0,West Flanders,F,1,0,1,0,1,1,0,0,1,1
35851,105538,45.0,NL,75.0,Flemish Brabant,M,0,0,0,0,1,1,0,0,0,0
35865,105546,60.0,FR,54.0,Liege,F,1,0,0,0,1,0,1,0,0,1
36450,105650,123.0,NL,74.0,Flemish Brabant,F,1,0,0,0,1,1,0,0,1,1
36629,105699,60.0,NL,70.0,Antwerp,F,1,1,0,0,1,1,0,0,0,1
36632,105700,90.0,NL,52.0,Antwerp,F,1,1,0,0,1,1,0,0,1,1
36636,105702,123.0,NL,30.0,Antwerp,F,1,1,0,0,1,1,0,0,1,1
37501,105785,30.0,NL,71.0,East Flanders,F,1,0,0,1,1,1,0,0,0,0
37579,105798,45.0,NL,52.0,East Flanders,M,0,0,0,1,1,1,0,0,0,0
37680,105812,15.0,NL,47.0,East Flanders,M,0,0,0,1,1,1,0,0,0,0
37714,105824,15.0,NL,55.0,Flemish Brabant,M,0,0,0,0,1,1,0,0,0,0
37840,105861,120.0,NL,68.0,East Flanders,M,0,0,0,1,1,1,0,0,1,1
37873,105871,60.0,NL,96.0,Antwerp,F,1,1,0,0,1,1,0,0,0,1
37902,105880,60.0,NL,67.0,Antwerp,F,1,1,0,0,1,1,0,0,0,1
37935,105891,120.0,NL,40.0,West Flanders,F,1,0,1,0,1,1,0,0,1,1
38259,105944,45.0,NL,37.0,East Flanders,F,1,0,0,1,1,1,0,0,0,0
38559,317880,157.5,NL,59.0,Antwerp,F,1,1,0,0,1,1,0,0,1,1
38589,105965,120.0,NL,69.0,East Flanders,M,0,0,0,1,1,1,0,0,1,1
38923,106008,123.0,NL,69.0,West Flanders,F,1,0,1,0,1,1,0,0,1,1
39033,106043,120.0,NL,52.0,West Flanders,F,1,0,1,0,1,1,0,0,1,1
39355,106114,120.0,NL,72.0,Antwerp,F,1,1,0,0,1,1,0,0,1,1
39414,106130,90.0,NL,81.0,Limburg,M,0,0,0,0,1,1,0,0,1,1
39540,106164,150.0,NL,38.0,Antwerp,F,1,1,0,0,1,1,0,0,1,1
39589,106172,60.0,NL,78.0,West Flanders,M,0,0,1,0,1,1,0,0,0,1
39606,106179,120.0,NL,58.0,Flemish Brabant,F,1,0,0,0,1,1,0,0,1,1
39768,212406,21.0,NL,59.0,Limburg,M,0,0,0,0,1,1,0,0,0,0
39770,106204,15.0,NL,56.0,Antwerp,M,0,1,0,0,1,1,0,0,0,0
40152,106272,120.0,FR,34.0,Liege,F,1,0,0,0,1,0,1,0,1,1
40188,106280,120.0,NL,86.0,Antwerp,F,1,1,0,0,1,1,0,0,1,1
40341,106310,30.0,NL,30.0,Flemish Brabant,M,0,0,0,0,1,1,0,0,0,0
40668,106365,135.0,NL,67.0,Antwerp,F,1,1,0,0,1,1,0,0,1,1
40673,106367,30.0,NL,28.0,Antwerp,F,1,1,0,0,1,1,0,0,0,0
40802,106396,150.0,NL,42.0,Flemish Brabant,M,0,0,0,0,1,1,0,0,1,1
41160,106454,120.0,NL,66.0,Antwerp,F,1,1,0,0,1,1,0,0,1,1
41175,106464,30.0,NL,36.0,Limburg,F,1,0,0,0,1,1,0,0,0,0
41290,106474,150.0,NL,60.0,East Flanders,F,1,0,0,1,1,1,0,0,1,1
41455,106517,9.0,NL,65.0,Antwerp,M,0,1,0,0,1,1,0,0,0,0
41619,106543,60.0,NL,78.0,East Flanders,F,1,0,0,1,1,1,0,0,0,1
42343,106627,75.0,NL,65.0,Limburg,F,1,0,0,0,1,1,0,0,1,1
42620,106673,9.0,NL,68.0,Flemish Brabant,F,1,0,0,0,1,1,0,0,0,0
43030,106748,15.0,NL,70.0,East Flanders,F,1,0,0,1,1,1,0,0,0,0
43060,106751,75.0,NL,59.0,East Flanders,F,1,0,0,1,1,1,0,0,1,1
43423,106807,150.0,NL,65.0,West Flanders,F,1,0,1,0,1,1,0,0,1,1
43566,106838,150.0,NL,95.0,Antwerp,M,0,1,0,0,1,1,0,0,1,1
43732,106869,150.0,NL,41.0,Limburg,M,0,0,0,0,1,1,0,0,1,1
43863,106893,60.0,NL,44.0,Antwerp,F,1,1,0,0,1,1,0,0,0,1
43910,106901,60.0,NL,38.0,East Flanders,F,1,0,0,1,1,1,0,0,0,1
43971,106913,123.0,NL,39.0,Flemish Brabant,F,1,0,0,0,1,1,0,0,1,1
44441,107024,60.0,NL,47.0,West Flanders,F,1,0,1,0,1,1,0,0,0,1
44495,107032,30.0,NL,26.0,Limburg,F,1,0,0,0,1,1,0,0,0,0
44543,107039,120.0,NL,53.0,Antwerp,F,1,1,0,0,1,1,0,0,1,1
44577,107043,30.0,NL,32.0,East Flanders,F,1,0,0,1,1,1,0,0,0,0
45073,107110,75.0,NL,36.0,West Flanders,M,0,0,1,0,1,1,0,0,1,1
45651,107252,135.0,NL,75.0,West Flanders,F,1,0,1,0,1,1,0,0,1,1
46225,107353,15.0,NL,47.0,Flemish Brabant,M,0,0,0,0,1,1,0,0,0,0
46414,107398,30.0,NL,49.0,Flemish Brabant,F,1,0,0,0,1,1,0,0,0,0
46544,107424,120.0,NL,57.0,Antwerp,F,1,1,0,0,1,1,0,0,1,1
46814,107435,120.0,NL,29.0,Antwerp,F,1,1,0,0,1,1,0,0,1,1
46824,107437,120.0,NL,78.0,East Flanders,M,0,0,0,1,1,1,0,0,1,1
46862,107444,150.0,NL,63.0,West Flanders,F,1,0,1,0,1,1,0,0,1,1
47637,107578,30.0,NL,89.0,West Flanders,M,0,0,1,0,1,1,0,0,0,0
47754,107611,30.0,NL,71.0,East Flanders,F,1,0,0,1,1,1,0,0,0,0
47817,107625,120.0,NL,51.0,Antwerp,F,1,1,0,0,1,1,0,0,1,1
48046,107665,123.0,NL,60.0,West Flanders,M,0,0,1,0,1,1,0,0,1,1
48345,107728,60.0,NL,50.0,Antwerp,M,0,1,0,0,1,1,0,0,0,1
48549,107761,120.0,NL,49.0,East Flanders,F,1,0,0,1,1,1,0,0,1,1
49107,107841,123.0,NL,50.0,East Flanders,F,1,0,0,1,1,1,0,0,1,1
49651,107950,123.0,NL,74.0,East Flanders,F,1,0,0,1,1,1,0,0,1,1
49764,107961,30.0,NL,67.0,West Flanders,F,1,0,1,0,1,1,0,0,0,0
49846,107975,30.0,NL,45.0,West Flanders,M,0,0,1,0,1,1,0,0,0,0
49930,107998,135.0,NL,63.0,West Flanders,F,1,0,1,0,1,1,0,0,1,1
50019,108029,123.0,NL,42.0,Antwerp,F,1,1,0,0,1,1,0,0,1,1
50176,108046,30.0,NL,27.0,Flemish Brabant,M,0,0,0,0,1,1,0,0,0,0
50269,108073,15.0,NL,54.0,West Flanders,F,1,0,1,0,1,1,0,0,0,0
50541,108133,150.0,NL,68.0,Flemish Brabant,F,1,0,0,0,1,1,0,0,1,1
50818,108174,60.0,NL,75.0,Flemish Brabant,F,1,0,0,0,1,1,0,0,0,1
51171,108257,120.0,NL,63.0,Flemish Brabant,F,1,0,0,0,1,1,0,0,1,1
51254,108270,123.0,NL,54.0,Limburg,F,1,0,0,0,1,1,0,0,1,1
51462,108301,15.0,NL,43.0,East Flanders,M,0,0,0,1,1,1,0,0,0,0
51558,108309,15.0,NL,30.0,East Flanders,F,1,0,0,1,1,1,0,0,0,0
51650,108319,60.0,NL,64.0,East Flanders,F,1,0,0,1,1,1,0,0,0,1
51656,108321,120.0,NL,74.0,East Flanders,F,1,0,0,1,1,1,0,0,1,1
51665,108325,30.0,NL,53.0,Flemish Brabant,F,1,0,0,0,1,1,0,0,0,0
51718,108338,9.0,NL,59.0,Antwerp,F,1,1,0,0,1,1,0,0,0,0
51742,108345,60.0,NL,39.0,Antwerp,F,1,1,0,0,1,1,0,0,0,1
51749,108348,60.0,NL,74.0,East Flanders,F,1,0,0,1,1,1,0,0,0,1
51936,108389,120.0,NL,49.0,Flemish Brabant,F,1,0,0,0,1,1,0,0,1,1
52121,108424,15.0,NL,27.0,Limburg,M,0,0,0,0,1,1,0,0,0,0
52209,108440,120.0,NL,55.0,West Flanders,M,0,0,1,0,1,1,0,0,1,1
52258,108457,150.0,NL,55.0,East Flanders,F,1,0,0,1,1,1,0,0,1,1
52441,108502,120.0,NL,72.0,West Flanders,M,0,0,1,0,1,1,0,0,1,1
52728,108559,60.0,NL,43.0,Limburg,M,0,0,0,0,1,1,0,0,0,1
52971,108624,150.0,FR,97.0,West Flanders,F,1,0,1,0,1,0,1,0,1,1
53500,108680,120.0,NL,78.0,West Flanders,F,1,0,1,0,1,1,0,0,1,1
53937,108780,120.0,NL,44.0,East Flanders,F,1,0,0,1,1,1,0,0,1,1
54700,108946,120.0,NL,92.0,Limburg,F,1,0,0,0,1,1,0,0,1,1
55113,109023,792.45,NL,59.0,Flemish Brabant,M,0,0,0,0,1,1,0,0,1,1
55397,109072,30.0,NL,56.0,Antwerp,F,1,1,0,0,1,1,0,0,0,0
55475,109096,75.0,NL,92.0,Antwerp,F,1,1,0,0,1,1,0,0,1,1
55566,109110,150.0,FR,64.0,Flemish Brabant,F,1,0,0,0,1,0,1,0,1,1
55576,109113,60.0,NL,77.0,East Flanders,M,0,0,0,1,1,1,0,0,0,1
55641,109127,60.0,NL,84.0,East Flanders,M,0,0,0,1,1,1,0,0,0,1
55861,109177,30.0,NL,69.0,East Flanders,F,1,0,0,1,1,1,0,0,0,0
55909,109186,90.0,NL,55.0,Limburg,M,0,0,0,0,1,1,0,0,1,1
56339,109256,9.0,NL,29.0,West Flanders,F,1,0,1,0,1,1,0,0,0,0
56439,109271,123.0,NL,84.0,West Flanders,F,1,0,1,0,1,1,0,0,1,1
56802,109349,60.0,NL,54.0,West Flanders,F,1,0,1,0,1,1,0,0,0,1
56858,109358,30.0,NL,48.0,Antwerp,F,1,1,0,0,1,1,0,0,0,0
57012,109399,150.0,NL,59.0,East Flanders,M,0,0,0,1,1,1,0,0,1,1
57324,109479,12.0,FR,33.0,Luxembourg,F,1,0,0,0,1,0,1,0,0,0
57350,109490,120.0,NL,90.0,West Flanders,F,1,0,1,0,1,1,0,0,1,1
57523,109523,1.5,NL,49.0,Flemish Brabant,M,0,0,0,0,1,1,0,0,0,0
57708,109559,120.0,NL,58.0,Antwerp,F,1,1,0,0,1,1,0,0,1,1
57929,109602,30.0,NL,78.0,Limburg,F,1,0,0,0,1,1,0,0,0,0
58012,109609,7.5,NL,55.0,East Flanders,M,0,0,0,1,1,1,0,0,0,0
58035,109612,75.0,NL,50.0,Flemish Brabant,F,1,0,0,0,1,1,0,0,1,1
58230,109648,150.0,NL,79.0,Limburg,F,1,0,0,0,1,1,0,0,1,1
58512,109721,120.0,NL,80.0,Flemish Brabant,M,0,0,0,0,1,1,0,0,1,1
58621,109741,7.5,NL,34.0,Antwerp,M,0,1,0,0,1,1,0,0,0,0
58927,109778,30.0,NL,38.0,Antwerp,F,1,1,0,0,1,1,0,0,0,0
58967,109783,9.0,FR,56.0,Brussels,M,0,0,0,0,1,0,1,0,0,0
59092,109802,34.5,NL,95.0,Antwerp,F,1,1,0,0,1,1,0,0,0,0
59453,109840,150.0,NL,40.0,Flemish Brabant,F,1,0,0,0,1,1,0,0,1,1
59560,109861,7.5,NL,62.0,Limburg,M,0,0,0,0,1,1,0,0,0,0
59673,109884,120.0,NL,61.0,East Flanders,F,1,0,0,1,1,1,0,0,1,1
59757,109893,60.0,NL,73.0,East Flanders,F,1,0,0,1,1,1,0,0,0,1
60067,109955,30.0,NL,52.0,Flemish Brabant,M,0,0,0,0,1,1,0,0,0,0
60303,110003,15.0,NL,65.0,Limburg,M,0,0,0,0,1,1,0,0,0,0
60826,110095,30.0,NL,57.0,East Flanders,F,1,0,0,1,1,1,0,0,0,0
60839,110097,60.0,NL,52.0,East Flanders,F,1,0,0,1,1,1,0,0,0,1
60955,110127,30.0,NL,61.0,East Flanders,M,0,0,0,1,1,1,0,0,0,0
60971,110134,123.0,NL,33.0,West Flanders,F,1,0,1,0,1,1,0,0,1,1
61148,110171,120.0,NL,75.0,West Flanders,M,0,0,1,0,1,1,0,0,1,1
61193,110187,120.0,NL,60.0,Flemish Brabant,F,1,0,0,0,1,1,0,0,1,1
61659,110260,123.0,NL,33.0,Antwerp,F,1,1,0,0,1,1,0,0,1,1
61731,110271,45.0,NL,65.0,Flemish Brabant,F,1,0,0,0,1,1,0,0,0,0
62039,110313,120.0,FR,49.0,West Flanders,F,1,0,1,0,1,0,1,0,1,1
62232,110348,30.0,NL,46.0,Flemish Brabant,F,1,0,0,0,1,1,0,0,0,0
62350,110370,15.0,NL,41.0,West Flanders,M,0,0,1,0,1,1,0,0,0,0
62578,110390,15.0,NL,47.0,Antwerp,M,0,1,0,0,1,1,0,0,0,0
62764,110433,15.0,NL,34.0,East Flanders,F,1,0,0,1,1,1,0,0,0,0
62952,110465,30.0,NL,67.0,Antwerp,F,1,1,0,0,1,1,0,0,0,0
63077,110485,120.0,NL,55.0,Flemish Brabant,F,1,0,0,0,1,1,0,0,1,1
63243,110504,6.0,NL,52.0,Limburg,M,0,0,0,0,1,1,0,0,0,0
63255,110505,120.0,NL,70.0,Antwerp,M,0,1,0,0,1,1,0,0,1,1
63464,110553,6.0,NL,56.0,Flemish Brabant,F,1,0,0,0,1,1,0,0,0,0
63478,110555,30.0,NL,95.0,Antwerp,M,0,1,0,0,1,1,0,0,0,0
63528,110559,7.5,NL,65.0,East Flanders,M,0,0,0,1,1,1,0,0,0,0
63621,110583,7.5,NL,31.0,Limburg,M,0,0,0,0,1,1,0,0,0,0
63639,110585,30.0,NL,66.0,West Flanders,F,1,0,1,0,1,1,0,0,0,0
63717,110596,120.0,NL,70.0,Antwerp,F,1,1,0,0,1,1,0,0,1,1
63722,110598,75.0,NL,64.0,Limburg,M,0,0,0,0,1,1,0,0,1,1
63724,110599,45.0,FR,83.0,Brussels,F,1,0,0,0,1,0,1,0,0,0
63773,110616,15.0,NL,66.0,Antwerp,F,1,1,0,0,1,1,0,0,0,0
63868,110630,120.0,NL,41.0,West Flanders,F,1,0,1,0,1,1,0,0,1,1
64093,110688,30.0,NL,47.0,East Flanders,F,1,0,0,1,1,1,0,0,0,0
64196,110716,123.0,NL,45.0,Antwerp,F,1,1,0,0,1,1,0,0,1,1
64269,110730,150.0,NL,28.0,Antwerp,F,1,1,0,0,1,1,0,0,1,1
64324,110745,45.0,NL,50.0,West Flanders,F,1,0,1,0,1,1,0,0,0,0
64401,110757,45.0,NL,37.0,Limburg,F,1,0,0,0,1,1,0,0,0,0
64407,110762,120.0,NL,30.0,Flemish Brabant,F,1,0,0,0,1,1,0,0,1,1
64415,110765,135.0,NL,54.0,West Flanders,F,1,0,1,0,1,1,0,0,1,1
64600,110797,123.0,NL,46.0,Flemish Brabant,F,1,0,0,0,1,1,0,0,1,1
64692,110811,30.0,NL,69.0,East Flanders,F,1,0,0,1,1,1,0,0,0,0
64975,110858,15.0,NL,67.0,Limburg,F,1,0,0,0,1,1,0,0,0,0
65667,111013,120.0,NL,98.0,West Flanders,F,1,0,1,0,1,1,0,0,1,1
65688,111016,60.0,NL,63.0,West Flanders,M,0,0,1,0,1,1,0,0,0,1
65921,111048,30.0,NL,52.0,West Flanders,F,1,0,1,0,1,1,0,0,0,0
66195,111099,123.0,NL,30.0,Antwerp,M,0,1,0,0,1,1,0,0,1,1
66210,111106,15.0,NL,56.0,Antwerp,M,0,1,0,0,1,1,0,0,0,0
66227,111109,60.0,NL,47.0,Antwerp,F,1,1,0,0,1,1,0,0,0,1
66356,111148,300.0,FR,48.0,Brussels,M,0,0,0,0,1,0,1,0,1,1
66585,111214,120.0,NL,94.0,Flemish Brabant,F,1,0,0,0,1,1,0,0,1,1
66678,111236,15.0,NL,47.0,Limburg,M,0,0,0,0,1,1,0,0,0,0
66767,111254,120.0,NL,65.0,West Flanders,F,1,0,1,0,1,1,0,0,1,1
66838,111276,15.0,NL,43.0,Limburg,M,0,0,0,0,1,1,0,0,0,0
66907,111290,15.0,NL,71.0,West Flanders,M,0,0,1,0,1,1,0,0,0,0
67117,111348,60.0,NL,30.0,Antwerp,F,1,1,0,0,1,1,0,0,0,1
67155,111362,60.0,NL,67.0,Antwerp,F,1,1,0,0,1,1,0,0,0,1
67173,111365,123.0,FR,82.0,Brussels,M,0,0,0,0,1,0,1,0,1,1
67221,111380,15.0,NL,43.0,Antwerp,M,0,1,0,0,1,1,0,0,0,0
67686,111483,123.0,NL,86.0,Flemish Brabant,F,1,0,0,0,1,1,0,0,1,1
67806,111527,30.0,NL,66.0,Limburg,F,1,0,0,0,1,1,0,0,0,0
67867,111542,120.0,NL,53.0,Antwerp,F,1,1,0,0,1,1,0,0,1,1
67927,111559,300.0,NL,35.0,Flemish Brabant,M,0,0,0,0,1,1,0,0,1,1
68124,111618,123.0,NL,77.0,West Flanders,F,1,0,1,0,1,1,0,0,1,1
68142,111625,150.0,NL,50.0,Limburg,F,1,0,0,0,1,1,0,0,1,1
68172,111629,120.0,NL,89.0,West Flanders,F,1,0,1,0,1,1,0,0,1,1
68434,111712,120.0,NL,59.0,Antwerp,F,1,1,0,0,1,1,0,0,1,1
68627,111760,120.0,NL,68.0,East Flanders,M,0,0,0,1,1,1,0,0,1,1
68654,111766,261.0,NL,46.0,Limburg,F,1,0,0,0,1,1,0,0,1,1
68673,111767,120.0,NL,54.0,Antwerp,F,1,1,0,0,1,1,0,0,1,1
68727,111778,120.0,NL,100.0,Flemish Brabant,F,1,0,0,0,1,1,0,0,1,1
68884,111826,120.0,NL,45.0,Flemish Brabant,F,1,0,0,0,1,1,0,0,1,1
68997,111843,120.0,NL,62.0,Flemish Brabant,F,1,0,0,0,1,1,0,0,1,1
69051,111851,45.0,NL,58.0,West Flanders,F,1,0,1,0,1,1,0,0,0,0
69097,111863,60.0,NL,67.0,Limburg,F,1,0,0,0,1,1,0,0,0,1
69104,111865,120.0,NL,44.0,West Flanders,F,1,0,1,0,1,1,0,0,1,1
69125,111880,120.0,NL,53.0,Antwerp,F,1,1,0,0,1,1,0,0,1,1
69174,111902,150.0,NL,78.0,West Flanders,M,0,0,1,0,1,1,0,0,1,1
69232,111925,15.0,NL,35.0,West Flanders,F,1,0,1,0,1,1,0,0,0,0
69240,111928,15.0,NL,53.0,Flemish Brabant,M,0,0,0,0,1,1,0,0,0,0
69272,111943,30.0,NL,83.0,Antwerp,F,1,1,0,0,1,1,0,0,0,0
69368,111974,30.0,NL,47.0,Flemish Brabant,F,1,0,0,0,1,1,0,0,0,0
69510,112004,150.0,NL,70.0,West Flanders,F,1,0,1,0,1,1,0,0,1,1
69830,112077,150.0,NL,89.0,East Flanders,F,1,0,0,1,1,1,0,0,1,1
69921,112095,120.0,NL,79.0,East Flanders,M,0,0,0,1,1,1,0,0,1,1
69924,112097,30.0,NL,51.0,Antwerp,F,1,1,0,0,1,1,0,0,0,0
69936,112100,30.0,NL,58.0,Antwerp,F,1,1,0,0,1,1,0,0,0,0
70030,112133,60.0,NL,73.0,West Flanders,M,0,0,1,0,1,1,0,0,0,1
70422,112234,30.0,NL,67.0,East Flanders,F,1,0,0,1,1,1,0,0,0,0
70472,112242,30.0,FR,75.0,Hainaut,M,0,0,0,0,1,0,1,0,0,0
70660,112270,7.5,NL,60.0,Antwerp,F,1,1,0,0,1,1,0,0,0,0
70763,112301,120.0,NL,42.0,Antwerp,F,1,1,0,0,1,1,0,0,1,1
70945,112352,60.0,NL,73.0,Antwerp,F,1,1,0,0,1,1,0,0,0,1
71102,112382,60.0,NL,33.0,Antwerp,F,1,1,0,0,1,1,0,0,0,1
71346,112424,75.0,NL,45.0,West Flanders,M,0,0,1,0,1,1,0,0,1,1
71371,112429,30.0,FR,56.0,Brussels,F,1,0,0,0,1,0,1,0,0,0
71403,112442,123.0,NL,78.0,West Flanders,F,1,0,1,0,1,1,0,0,1,1
71721,112512,150.0,NL,50.0,Flemish Brabant,M,0,0,0,0,1,1,0,0,1,1
72241,112645,60.0,NL,82.0,Flemish Brabant,F,1,0,0,0,1,1,0,0,0,1
72363,112662,120.0,NL,61.0,Antwerp,F,1,1,0,0,1,1,0,0,1,1
72622,112725,120.0,NL,43.0,Antwerp,F,1,1,0,0,1,1,0,0,1,1
72649,225460,24.0,NL,59.0,East Flanders,F,1,0,0,1,1,1,0,0,0,0
72654,112732,123.0,NL,100.0,West Flanders,M,0,0,1,0,1,1,0,0,1,1
72665,112739,45.0,NL,72.0,Antwerp,F,1,1,0,0,1,1,0,0,0,0
72890,112782,150.0,NL,34.0,West Flanders,F,1,0,1,0,1,1,0,0,1,1
73158,112829,150.0,NL,46.0,East Flanders,F,1,0,0,1,1,1,0,0,1,1
73470,112906,123.0,NL,83.0,Flemish Brabant,F,1,0,0,0,1,1,0,0,1,1
73481,112910,120.0,NL,59.0,East Flanders,F,1,0,0,1,1,1,0,0,1,1
73588,112927,15.0,NL,65.0,Antwerp,F,1,1,0,0,1,1,0,0,0,0
73901,112978,120.0,NL,55.0,East Flanders,M,0,0,0,1,1,1,0,0,1,1
73927,112989,150.0,NL,36.0,Antwerp,F,1,1,0,0,1,1,0,0,1,1
73938,112992,120.0,NL,37.0,Flemish Brabant,F,1,0,0,0,1,1,0,0,1,1
74091,113043,60.0,NL,67.0,Antwerp,F,1,1,0,0,1,1,0,0,0,1
74647,113151,150.0,NL,55.0,West Flanders,M,0,0,1,0,1,1,0,0,1,1
75036,113201,60.0,NL,30.0,Limburg,F,1,0,0,0,1,1,0,0,0,1
75853,113435,10.5,NL,26.0,Antwerp,M,0,1,0,0,1,1,0,0,0,0
76013,113481,120.0,NL,74.0,West Flanders,F,1,0,1,0,1,1,0,0,1,1
76112,113509,300.0,NL,99.0,Antwerp,F,1,1,0,0,1,1,0,0,1,1
76481,113608,300.0,NL,27.0,West Flanders,F,1,0,1,0,1,1,0,0,1,1
76646,113672,75.0,NL,47.0,Flemish Brabant,F,1,0,0,0,1,1,0,0,1,1
76927,113751,120.0,NL,74.0,Flemish Brabant,F,1,0,0,0,1,1,0,0,1,1
77252,113821,123.0,NL,52.0,Antwerp,M,0,1,0,0,1,1,0,0,1,1
77577,113918,30.0,NL,48.0,Antwerp,M,0,1,0,0,1,1,0,0,0,0
77629,113933,150.0,NL,46.0,Antwerp,F,1,1,0,0,1,1,0,0,1,1
77647,113934,180.0,NL,81.0,Antwerp,F,1,1,0,0,1,1,0,0,1,1
77902,114005,120.0,NL,32.0,Antwerp,F,1,1,0,0,1,1,0,0,1,1
78027,114041,150.0,NL,72.0,Antwerp,M,0,1,0,0,1,1,0,0,1,1
78332,114127,15.0,NL,47.0,Antwerp,F,1,1,0,0,1,1,0,0,0,0
78453,114154,120.0,NL,60.0,East Flanders,F,1,0,0,1,1,1,0,0,1,1
78481,114167,15.0,NL,40.0,Antwerp,M,0,1,0,0,1,1,0,0,0,0
78522,114184,60.0,NL,82.0,Antwerp,F,1,1,0,0,1,1,0,0,0,1
78532,114188,120.0,NL,57.0,Antwerp,M,0,1,0,0,1,1,0,0,1,1
78550,114191,60.0,NL,53.0,Flemish Brabant,F,1,0,0,0,1,1,0,0,0,1
78626,114228,120.0,NL,63.0,Flemish Brabant,M,0,0,0,0,1,1,0,0,1,1
78748,114263,45.0,NL,48.0,Antwerp,F,1,1,0,0,1,1,0,0,0,0
78776,114274,120.0,NL,42.0,Flemish Brabant,F,1,0,0,0,1,1,0,0,1,1
78865,114288,150.0,NL,74.0,Flemish Brabant,F,1,0,0,0,1,1,0,0,1,1
78868,114293,126.0,NL,52.0,Flemish Brabant,F,1,0,0,0,1,1,0,0,1,1
79147,114376,150.0,NL,50.0,Limburg,F,1,0,0,0,1,1,0,0,1,1
79158,114384,30.0,NL,39.0,Limburg,M,0,0,0,0,1,1,0,0,0,0
79240,114404,123.0,NL,58.0,Limburg,F,1,0,0,0,1,1,0,0,1,1
79356,114426,120.0,NL,97.0,Limburg,M,0,0,0,0,1,1,0,0,1,1
79440,114446,30.0,NL,59.0,Limburg,F,1,0,0,0,1,1,0,0,0,0
79487,114460,30.0,NL,27.0,Limburg,F,1,0,0,0,1,1,0,0,0,0
80076,114617,30.0,NL,61.0,West Flanders,F,1,0,1,0,1,1,0,0,0,0
80344,114660,75.0,NL,34.0,Flemish Brabant,F,1,0,0,0,1,1,0,0,1,1
80351,114663,60.0,NL,61.0,West Flanders,F,1,0,1,0,1,1,0,0,0,1
80377,114671,60.0,NL,61.0,West Flanders,F,1,0,1,0,1,1,0,0,0,1
80411,114684,123.0,NL,78.0,West Flanders,M,0,0,1,0,1,1,0,0,1,1
80467,114709,150.0,NL,34.0,West Flanders,F,1,0,1,0,1,1,0,0,1,1
80820,114807,60.0,NL,53.0,West Flanders,F,1,0,1,0,1,1,0,0,0,1
80826,114809,120.0,NL,27.0,West Flanders,F,1,0,1,0,1,1,0,0,1,1
80941,114848,30.0,NL,73.0,East Flanders,F,1,0,0,1,1,1,0,0,0,0
81311,114931,7.5,NL,29.0,East Flanders,F,1,0,0,1,1,1,0,0,0,0
81420,114960,30.0,NL,83.0,East Flanders,F,1,0,0,1,1,1,0,0,0,0
81491,114979,15.0,NL,28.0,West Flanders,F,1,0,1,0,1,1,0,0,0,0
81581,114999,120.0,NL,94.0,East Flanders,F,1,0,0,1,1,1,0,0,1,1
81617,115011,30.0,NL,54.0,East Flanders,F,1,0,0,1,1,1,0,0,0,0
81820,115076,75.0,NL,55.0,East Flanders,F,1,0,0,1,1,1,0,0,1,1
81861,115090,15.0,NL,42.0,East Flanders,M,0,0,0,1,1,1,0,0,0,0
81874,115099,135.0,NL,75.0,East Flanders,F,1,0,0,1,1,1,0,0,1,1
82048,115153,150.0,NL,63.0,Flemish Brabant,F,1,0,0,0,1,1,0,0,1,1
82050,115154,120.0,NL,38.0,Flemish Brabant,F,1,0,0,0,1,1,0,0,1,1
82238,115175,150.0,NL,81.0,Antwerp,M,0,1,0,0,1,1,0,0,1,1
82573,115264,120.0,NL,65.0,Antwerp,F,1,1,0,0,1,1,0,0,1,1
82604,115270,15.0,NL,44.0,East Flanders,F,1,0,0,1,1,1,0,0,0,0
82667,115280,75.0,FR,74.0,West Flanders,F,1,0,1,0,1,0,1,0,1,1
82859,115320,120.0,NL,65.0,Limburg,M,0,0,0,0,1,1,0,0,1,1
82982,115361,75.0,FR,63.0,Luxembourg,F,1,0,0,0,1,0,1,0,1,1
83380,115415,150.0,NL,94.0,East Flanders,F,1,0,0,1,1,1,0,0,1,1
83538,115471,150.0,NL,29.0,Antwerp,F,1,1,0,0,1,1,0,0,1,1
83568,115481,45.0,NL,35.0,Antwerp,F,1,1,0,0,1,1,0,0,0,0
83629,115505,120.0,NL,51.0,Flemish Brabant,F,1,0,0,0,1,1,0,0,1,1
83868,115578,120.0,NL,33.0,Limburg,F,1,0,0,0,1,1,0,0,1,1
83885,115590,60.0,NL,62.0,East Flanders,F,1,0,0,1,1,1,0,0,0,1
84086,115652,30.0,NL,71.0,Limburg,F,1,0,0,0,1,1,0,0,0,0
84141,115674,123.0,NL,49.0,Flemish Brabant,F,1,0,0,0,1,1,0,0,1,1
84396,231512,24.0,NL,59.0,West Flanders,M,0,0,1,0,1,1,0,0,0,0
84469,115765,30.0,NL,37.0,Antwerp,F,1,1,0,0,1,1,0,0,0,0
84701,115802,30.0,NL,60.0,Antwerp,F,1,1,0,0,1,1,0,0,0,0
84859,115838,30.0,NL,74.0,Antwerp,F,1,1,0,0,1,1,0,0,0,0
85078,115905,150.0,NL,69.0,Antwerp,F,1,1,0,0,1,1,0,0,1,1
85253,115949,150.0,NL,30.0,Antwerp,F,1,1,0,0,1,1,0,0,1,1
85272,115954,30.0,NL,59.0,East Flanders,F,1,0,0,1,1,1,0,0,0,0
85339,115968,75.0,NL,75.0,East Flanders,F,1,0,0,1,1,1,0,0,1,1
85595,116053,9.0,NL,32.0,East Flanders,M,0,0,0,1,1,1,0,0,0,0
85660,116072,60.0,NL,38.0,West Flanders,F,1,0,1,0,1,1,0,0,0,1
85706,116089,27.0,NL,85.0,Flemish Brabant,M,0,0,0,0,1,1,0,0,0,0
85866,116151,120.0,NL,50.0,Antwerp,F,1,1,0,0,1,1,0,0,1,1
86030,116195,126.0,NL,76.0,Flemish Brabant,M,0,0,0,0,1,1,0,0,1,1
86068,116202,123.0,NL,79.0,Antwerp,F,1,1,0,0,1,1,0,0,1,1
86263,116228,120.0,NL,72.0,East Flanders,F,1,0,0,1,1,1,0,0,1,1
86469,116278,123.0,NL,79.0,West Flanders,F,1,0,1,0,1,1,0,0,1,1
86582,116302,300.0,NL,36.0,Flemish Brabant,F,1,0,0,0,1,1,0,0,1,1
86588,116303,123.0,NL,48.0,Flemish Brabant,M,0,0,0,0,1,1,0,0,1,1
86657,116325,9.0,NL,58.0,Flemish Brabant,M,0,0,0,0,1,1,0,0,0,0
86716,116336,15.0,NL,53.0,Flemish Brabant,M,0,0,0,0,1,1,0,0,0,0
86809,116351,30.0,NL,75.0,West Flanders,F,1,0,1,0,1,1,0,0,0,0
86896,116380,75.0,NL,55.0,Flemish Brabant,F,1,0,0,0,1,1,0,0,1,1
86977,116413,120.0,NL,44.0,Antwerp,M,0,1,0,0,1,1,0,0,1,1
87178,116451,150.0,NL,52.0,West Flanders,M,0,0,1,0,1,1,0,0,1,1
87305,116488,75.0,NL,67.0,Flemish Brabant,F,1,0,0,0,1,1,0,0,1,1
87628,116547,15.0,NL,87.0,East Flanders,M,0,0,0,1,1,1,0,0,0,0
87873,116608,120.0,NL,56.0,East Flanders,F,1,0,0,1,1,1,0,0,1,1
88184,116693,30.0,NL,42.0,Antwerp,F,1,1,0,0,1,1,0,0,0,0
88205,116698,30.0,NL,62.0,Limburg,F,1,0,0,0,1,1,0,0,0,0
88267,116711,9.0,NL,46.0,Flemish Brabant,M,0,0,0,0,1,1,0,0,0,0
88296,116724,15.0,NL,51.0,Limburg,M,0,0,0,0,1,1,0,0,0,0
88439,116764,60.0,NL,69.0,West Flanders,F,1,0,1,0,1,1,0,0,0,1
88581,116800,30.0,NL,53.0,West Flanders,M,0,0,1,0,1,1,0,0,0,0
88694,116825,15.0,NL,39.0,Limburg,M,0,0,0,0,1,1,0,0,0,0
89018,116926,60.0,NL,91.0,West Flanders,F,1,0,1,0,1,1,0,0,0,1
89084,116947,300.0,NL,71.0,East Flanders,F,1,0,0,1,1,1,0,0,1,1
89141,116959,135.0,NL,31.0,East Flanders,F,1,0,0,1,1,1,0,0,1,1
89380,117020,120.0,NL,65.0,West Flanders,F,1,0,1,0,1,1,0,0,1,1
89491,117045,30.0,NL,85.0,Limburg,M,0,0,0,0,1,1,0,0,0,0
89507,117048,135.0,NL,82.0,West Flanders,F,1,0,1,0,1,1,0,0,1,1
89588,117060,300.0,NL,55.0,Flemish Brabant,F,1,0,0,0,1,1,0,0,1,1
89627,117076,60.0,NL,85.0,East Flanders,M,0,0,0,1,1,1,0,0,0,1
89802,117131,45.0,NL,55.0,West Flanders,F,1,0,1,0,1,1,0,0,0,0
89957,117185,15.0,NL,84.0,West Flanders,F,1,0,1,0,1,1,0,0,0,0
90170,117229,45.0,NL,39.0,Flemish Brabant,F,1,0,0,0,1,1,0,0,0,0
90181,117233,60.0,NL,77.0,East Flanders,F,1,0,0,1,1,1,0,0,0,1
90384,117278,75.0,NL,93.0,West Flanders,F,1,0,1,0,1,1,0,0,1,1
90425,117287,45.0,NL,60.0,West Flanders,F,1,0,1,0,1,1,0,0,0,0
90519,117316,150.0,NL,78.0,East Flanders,F,1,0,0,1,1,1,0,0,1,1
90863,117393,150.0,NL,67.0,Antwerp,F,1,1,0,0,1,1,0,0,1,1
91137,117466,126.0,NL,41.0,West Flanders,F,1,0,1,0,1,1,0,0,1,1
91161,117476,123.0,NL,68.0,West Flanders,F,1,0,1,0,1,1,0,0,1,1
91418,117543,120.0,NL,55.0,East Flanders,F,1,0,0,1,1,1,0,0,1,1
91819,117579,120.0,NL,40.0,East Flanders,F,1,0,0,1,1,1,0,0,1,1
91870,117592,30.0,NL,43.0,West Flanders,F,1,0,1,0,1,1,0,0,0,0
92052,117635,120.0,NL,90.0,West Flanders,F,1,0,1,0,1,1,0,0,1,1
92165,117662,60.0,NL,67.0,Limburg,F,1,0,0,0,1,1,0,0,0,1
92396,117724,30.0,NL,62.0,East Flanders,F,1,0,0,1,1,1,0,0,0,0
92660,117796,15.0,NL,38.0,Antwerp,M,0,1,0,0,1,1,0,0,0,0
92678,117806,75.0,FR,34.0,Brussels,F,1,0,0,0,1,0,1,0,1,1
92986,117903,120.0,NL,41.0,East Flanders,F,1,0,0,1,1,1,0,0,1,1
93293,117986,15.0,NL,26.0,East Flanders,M,0,0,0,1,1,1,0,0,0,0
93402,117997,30.0,NL,44.0,West Flanders,F,1,0,1,0,1,1,0,0,0,0
93700,118121,120.0,NL,39.0,West Flanders,M,0,0,1,0,1,1,0,0,1,1
93716,118123,120.0,NL,54.0,West Flanders,M,0,0,1,0,1,1,0,0,1,1
93729,118127,123.0,FR,61.0,West Flanders,F,1,0,1,0,1,0,1,0,1,1
94250,118286,120.0,NL,71.0,West Flanders,F,1,0,1,0,1,1,0,0,1,1
94313,118315,150.0,NL,87.0,West Flanders,M,0,0,1,0,1,1,0,0,1,1
94316,118316,30.0,NL,75.0,East Flanders,F,1,0,0,1,1,1,0,0,0,0
94409,118332,15.0,NL,66.0,Antwerp,F,1,1,0,0,1,1,0,0,0,0
94755,118431,150.0,NL,71.0,East Flanders,M,0,0,0,1,1,1,0,0,1,1
95099,118557,30.0,NL,61.0,East Flanders,F,1,0,0,1,1,1,0,0,0,0
95177,118590,120.0,NL,36.0,West Flanders,M,0,0,1,0,1,1,0,0,1,1
95270,118607,150.0,NL,68.0,West Flanders,F,1,0,1,0,1,1,0,0,1,1
95276,118609,150.0,NL,91.0,West Flanders,F,1,0,1,0,1,1,0,0,1,1
95405,118639,45.0,NL,76.0,Limburg,F,1,0,0,0,1,1,0,0,0,0
95671,118721,120.0,NL,49.0,West Flanders,F,1,0,1,0,1,1,0,0,1,1
95724,118735,15.0,NL,70.0,East Flanders,M,0,0,0,1,1,1,0,0,0,0
95766,118753,75.0,NL,67.0,West Flanders,F,1,0,1,0,1,1,0,0,1,1
95932,118786,60.0,NL,47.0,West Flanders,M,0,0,1,0,1,1,0,0,0,1
95976,118795,120.0,NL,65.0,Flemish Brabant,F,1,0,0,0,1,1,0,0,1,1
96272,118900,123.0,NL,57.0,East Flanders,M,0,0,0,1,1,1,0,0,1,1
96485,118979,15.0,NL,53.0,East Flanders,F,1,0,0,1,1,1,0,0,0,0
96594,119019,30.0,NL,47.0,Flemish Brabant,M,0,0,0,0,1,1,0,0,0,0
96660,119037,150.0,NL,77.0,West Flanders,M,0,0,1,0,1,1,0,0,1,1
96716,119062,120.0,FR,77.0,Namur,M,0,0,0,0,1,0,1,0,1,1
97158,119185,150.0,NL,61.0,East Flanders,F,1,0,0,1,1,1,0,0,1,1
97162,119187,60.0,FR,55.0,Liege,F,1,0,0,0,1,0,1,0,0,1
97294,119225,300.0,NL,49.0,Flemish Brabant,F,1,0,0,0,1,1,0,0,1,1
97578,119302,30.0,NL,33.0,Flemish Brabant,F,1,0,0,0,1,1,0,0,0,0
97671,119339,30.0,NL,37.0,Antwerp,M,0,1,0,0,1,1,0,0,0,0
98040,119450,60.0,NL,77.0,Brussels,F,1,0,0,0,1,1,0,0,0,1
98045,119452,150.0,NL,93.0,East Flanders,M,0,0,0,1,1,1,0,0,1,1
98274,119542,123.0,NL,65.0,Antwerp,F,1,1,0,0,1,1,0,0,1,1
98443,119613,60.0,NL,54.0,Antwerp,F,1,1,0,0,1,1,0,0,0,1
98845,119707,60.0,NL,27.0,Flemish Brabant,F,1,0,0,0,1,1,0,0,0,1
98884,119715,75.0,NL,48.0,West Flanders,M,0,0,1,0,1,1,0,0,1,1
99244,119786,120.0,NL,56.0,Flemish Brabant,F,1,0,0,0,1,1,0,0,1,1
99282,119796,150.0,NL,51.0,Limburg,M,0,0,0,0,1,1,0,0,1,1
99435,119831,120.0,NL,40.0,Flemish Brabant,M,0,0,0,0,1,1,0,0,1,1
100079,119966,300.0,NL,71.0,East Flanders,F,1,0,0,1,1,1,0,0,1,1
100151,119983,120.0,NL,48.0,Antwerp,F,1,1,0,0,1,1,0,0,1,1
100517,120088,30.0,NL,33.0,East Flanders,M,0,0,0,1,1,1,0,0,0,0
100681,120143,123.0,NL,59.0,West Flanders,M,0,0,1,0,1,1,0,0,1,1
100759,120169,120.0,NL,54.0,Limburg,F,1,0,0,0,1,1,0,0,1,1
100847,120202,15.0,NL,27.0,Flemish Brabant,F,1,0,0,0,1,1,0,0,0,0
101044,480980,36.0,FR,59.0,Flemish Brabant,M,0,0,0,0,1,0,1,0,0,0
101125,120265,30.0,NL,94.0,Flemish Brabant,M,0,0,0,0,1,1,0,0,0,0
101252,120285,75.0,NL,88.0,Antwerp,F,1,1,0,0,1,1,0,0,1,1
101544,120368,455.94,NL,79.0,Limburg,F,1,0,0,0,1,1,0,0,1,1
101735,120420,30.0,NL,44.0,Flemish Brabant,M,0,0,0,0,1,1,0,0,0,0
101808,120445,30.0,NL,64.0,East Flanders,F,1,0,0,1,1,1,0,0,0,0
101820,120451,60.0,FR,45.0,Walloon Brabant,M,0,0,0,0,1,0,1,0,0,1
102236,120556,30.0,FR,43.0,Liege,F,1,0,0,0,1,0,1,0,0,0
102426,120627,30.0,NL,63.0,Flemish Brabant,F,1,0,0,0,1,1,0,0,0,0
102711,120685,123.0,NL,40.0,Flemish Brabant,M,0,0,0,0,1,1,0,0,1,1
102837,120725,15.0,NL,68.0,Flemish Brabant,F,1,0,0,0,1,1,0,0,0,0
102864,120731,120.0,NL,74.0,Flemish Brabant,F,1,0,0,0,1,1,0,0,1,1
102939,120762,30.0,NL,55.0,West Flanders,F,1,0,1,0,1,1,0,0,0,0
103089,120806,150.0,NL,60.0,Antwerp,F,1,1,0,0,1,1,0,0,1,1
103123,120819,120.0,NL,70.0,Flemish Brabant,F,1,0,0,0,1,1,0,0,1,1
103231,120846,123.0,NL,78.0,Flemish Brabant,M,0,0,0,0,1,1,0,0,1,1
103353,120882,150.0,NL,66.0,Antwerp,M,0,1,0,0,1,1,0,0,1,1
103469,120909,30.0,NL,84.0,West Flanders,M,0,0,1,0,1,1,0,0,0,0
103525,120922,75.0,NL,45.0,East Flanders,F,1,0,0,1,1,1,0,0,1,1
103635,120956,120.0,NL,41.0,West Flanders,F,1,0,1,0,1,1,0,0,1,1
103711,120976,75.0,NL,33.0,Antwerp,F,1,1,0,0,1,1,0,0,1,1
103726,120982,183.9,NL,56.0,Flemish Brabant,F,1,0,0,0,1,1,0,0,1,1
103767,120999,60.0,NL,64.0,West Flanders,M,0,0,1,0,1,1,0,0,0,1
103772,121003,120.0,NL,62.0,East Flanders,F,1,0,0,1,1,1,0,0,1,1
103778,121006,30.0,NL,28.0,East Flanders,M,0,0,0,1,1,1,0,0,0,0
103792,121015,120.0,NL,42.0,East Flanders,F,1,0,0,1,1,1,0,0,1,1
103839,121025,120.0,NL,78.0,Limburg,F,1,0,0,0,1,1,0,0,1,1
103847,121032,120.0,NL,37.0,West Flanders,M,0,0,1,0,1,1,0,0,1,1
104330,121161,120.0,NL,86.0,East Flanders,F,1,0,0,1,1,1,0,0,1,1
104356,121175,120.0,NL,49.0,Antwerp,M,0,1,0,0,1,1,0,0,1,1
104400,121185,30.0,NL,74.0,Antwerp,M,0,1,0,0,1,1,0,0,0,0
104468,121207,120.0,NL,80.0,East Flanders,F,1,0,0,1,1,1,0,0,1,1
104570,121245,30.0,NL,61.0,Antwerp,M,0,1,0,0,1,1,0,0,0,0
104748,121288,30.0,NL,61.0,Limburg,F,1,0,0,0,1,1,0,0,0,0
104882,121300,30.0,NL,59.0,West Flanders,F,1,0,1,0,1,1,0,0,0,0
104976,121335,75.0,NL,78.0,Antwerp,F,1,1,0,0,1,1,0,0,1,1
105002,121344,123.0,NL,87.0,Antwerp,F,1,1,0,0,1,1,0,0,1,1
105056,121364,150.0,NL,81.0,East Flanders,F,1,0,0,1,1,1,0,0,1,1
105151,121401,135.0,NL,60.0,West Flanders,F,1,0,1,0,1,1,0,0,1,1
105291,121447,75.0,NL,76.0,East Flanders,F,1,0,0,1,1,1,0,0,1,1
105300,121452,30.0,NL,33.0,Limburg,M,0,0,0,0,1,1,0,0,0,0
105403,121470,150.0,NL,76.0,East Flanders,F,1,0,0,1,1,1,0,0,1,1
105909,121617,120.0,NL,80.0,Flemish Brabant,F,1,0,0,0,1,1,0,0,1,1
105918,121619,30.0,NL,32.0,West Flanders,F,1,0,1,0,1,1,0,0,0,0
105955,121631,15.0,NL,38.0,East Flanders,M,0,0,0,1,1,1,0,0,0,0
106117,121694,90.0,NL,74.0,Flemish Brabant,F,1,0,0,0,1,1,0,0,1,1
106246,121734,60.0,FR,77.0,West Flanders,M,0,0,1,0,1,0,1,0,0,1
106428,121779,45.0,NL,89.0,East Flanders,F,1,0,0,1,1,1,0,0,0,0
106462,121785,120.0,NL,94.0,East Flanders,F,1,0,0,1,1,1,0,0,1,1
106938,121910,60.0,NL,60.0,East Flanders,M,0,0,0,1,1,1,0,0,0,1
107092,121950,120.0,NL,35.0,East Flanders,F,1,0,0,1,1,1,0,0,1,1
107114,121955,15.0,NL,58.0,East Flanders,F,1,0,0,1,1,1,0,0,0,0
107200,121981,300.0,NL,100.0,Flemish Brabant,F,1,0,0,0,1,1,0,0,1,1
107620,122120,75.0,NL,52.0,Antwerp,F,1,1,0,0,1,1,0,0,1,1
107714,122149,120.0,NL,91.0,East Flanders,M,0,0,0,1,1,1,0,0,1,1
107825,122176,150.0,NL,47.0,Flemish Brabant,F,1,0,0,0,1,1,0,0,1,1
108234,122251,120.0,NL,49.0,West Flanders,M,0,0,1,0,1,1,0,0,1,1
108604,122343,30.0,NL,54.0,Antwerp,M,0,1,0,0,1,1,0,0,0,0
108717,122368,15.0,NL,48.0,Flemish Brabant,M,0,0,0,0,1,1,0,0,0,0
108873,122407,45.0,NL,83.0,Flemish Brabant,F,1,0,0,0,1,1,0,0,0,0
108956,122438,123.0,NL,66.0,Limburg,M,0,0,0,0,1,1,0,0,1,1
109220,122497,120.0,NL,74.0,West Flanders,M,0,0,1,0,1,1,0,0,1,1
109300,122522,60.0,NL,46.0,West Flanders,F,1,0,1,0,1,1,0,0,0,1
109369,122545,30.0,NL,58.0,Antwerp,F,1,1,0,0,1,1,0,0,0,0
109679,122642,30.0,NL,65.0,Flemish Brabant,F,1,0,0,0,1,1,0,0,0,0
109728,122669,12.0,FR,64.0,Hainaut,M,0,0,0,0,1,0,1,0,0,0
109738,122670,120.0,NL,57.0,Flemish Brabant,M,0,0,0,0,1,1,0,0,1,1
109828,122701,120.0,NL,74.0,Antwerp,F,1,1,0,0,1,1,0,0,1,1
109836,122703,150.0,NL,62.0,Antwerp,F,1,1,0,0,1,1,0,0,1,1
110484,122910,15.0,NL,100.0,West Flanders,F,1,0,1,0,1,1,0,0,0,0
110490,122911,123.0,NL,58.0,Flemish Brabant,M,0,0,0,0,1,1,0,0,1,1
110532,122923,45.0,NL,99.0,Flemish Brabant,F,1,0,0,0,1,1,0,0,0,0
111085,123082,120.0,NL,74.0,East Flanders,M,0,0,0,1,1,1,0,0,1,1
111120,123090,123.0,NL,57.0,West Flanders,F,1,0,1,0,1,1,0,0,1,1
111274,123123,120.0,NL,50.0,East Flanders,F,1,0,0,1,1,1,0,0,1,1
111515,123201,120.0,NL,51.0,Flemish Brabant,F,1,0,0,0,1,1,0,0,1,1
111589,123226,30.0,NL,49.0,Flemish Brabant,F,1,0,0,0,1,1,0,0,0,0
111666,123252,30.0,NL,96.0,Antwerp,M,0,1,0,0,1,1,0,0,0,0
111678,123255,30.0,NL,86.0,West Flanders,F,1,0,1,0,1,1,0,0,0,0
111771,123279,15.0,NL,61.0,West Flanders,M,0,0,1,0,1,1,0,0,0,0
111893,123324,150.0,NL,60.0,West Flanders,M,0,0,1,0,1,1,0,0,1,1
111982,123347,15.0,NL,60.0,Antwerp,M,0,1,0,0,1,1,0,0,0,0
111987,123349,120.0,NL,28.0,East Flanders,F,1,0,0,1,1,1,0,0,1,1
111999,123350,123.0,NL,44.0,East Flanders,F,1,0,0,1,1,1,0,0,1,1
112015,123354,75.0,NL,81.0,West Flanders,M,0,0,1,0,1,1,0,0,1,1
112203,123409,6.0,NL,81.0,Limburg,F,1,0,0,0,1,1,0,0,0,0
112249,123424,15.0,NL,53.0,West Flanders,F,1,0,1,0,1,1,0,0,0,0
112444,123495,9.0,NL,55.0,Limburg,F,1,0,0,0,1,1,0,0,0,0
112455,123498,150.0,NL,88.0,Brussels,F,1,0,0,0,1,1,0,0,1,1
112488,123510,120.0,NL,91.0,East Flanders,F,1,0,0,1,1,1,0,0,1,1
112575,123559,150.0,NL,46.0,Antwerp,F,1,1,0,0,1,1,0,0,1,1
113066,123711,135.0,NL,58.0,Antwerp,M,0,1,0,0,1,1,0,0,1,1
113398,123823,30.0,NL,63.0,East Flanders,F,1,0,0,1,1,1,0,0,0,0
113418,123830,120.0,NL,87.0,East Flanders,F,1,0,0,1,1,1,0,0,1,1
113802,123946,123.0,NL,45.0,West Flanders,F,1,0,1,0,1,1,0,0,1,1
113850,123958,123.0,NL,46.0,East Flanders,F,1,0,0,1,1,1,0,0,1,1
113896,123973,30.0,NL,57.0,East Flanders,F,1,0,0,1,1,1,0,0,0,0
113953,123988,6.0,NL,88.0,Flemish Brabant,F,1,0,0,0,1,1,0,0,0,0
114164,124055,15.0,NL,46.0,Antwerp,F,1,1,0,0,1,1,0,0,0,0
114183,124065,15.0,FR,48.0,Liege,M,0,0,0,0,1,0,1,0,0,0
114234,124075,120.0,NL,33.0,Flemish Brabant,M,0,0,0,0,1,1,0,0,1,1
114238,124077,75.0,NL,47.0,Antwerp,F,1,1,0,0,1,1,0,0,1,1
114297,124101,15.0,NL,54.0,Flemish Brabant,M,0,0,0,0,1,1,0,0,0,0
114421,124156,123.0,NL,75.0,Limburg,M,0,0,0,0,1,1,0,0,1,1
114436,124167,30.0,FR,69.0,Liege,F,1,0,0,0,1,0,1,0,0,0
114486,124199,90.0,NL,65.0,Brussels,F,1,0,0,0,1,1,0,0,1,1
114488,124201,177.0,FR,92.0,Liege,F,1,0,0,0,1,0,1,0,1,1
114724,124310,15.0,FR,33.0,Hainaut,F,1,0,0,0,1,0,1,0,0,0
115136,124446,270.0,NL,28.0,Antwerp,F,1,1,0,0,1,1,0,0,1,1
115152,124455,45.0,NL,30.0,East Flanders,M,0,0,0,1,1,1,0,0,0,0
115184,124471,15.0,FR,31.0,Walloon Brabant,F,1,0,0,0,1,0,1,0,0,0
115466,124605,15.0,NL,44.0,Limburg,M,0,0,0,0,1,1,0,0,0,0
115474,124613,15.0,NL,72.0,Limburg,M,0,0,0,0,1,1,0,0,0,0
115504,124627,60.0,NL,59.0,West Flanders,F,1,0,1,0,1,1,0,0,0,1
115535,124634,9.0,NL,51.0,West Flanders,M,0,0,1,0,1,1,0,0,0,0
115677,124678,30.0,NL,73.0,East Flanders,F,1,0,0,1,1,1,0,0,0,0
115799,124724,15.0,FR,51.0,Namur,F,1,0,0,0,1,0,1,0,0,0
115874,124775,240.0,NL,56.0,Antwerp,F,1,1,0,0,1,1,0,0,1,1
115880,124779,75.0,NL,43.0,East Flanders,F,1,0,0,1,1,1,0,0,1,1
115986,124826,450.0,NL,40.0,West Flanders,F,1,0,1,0,1,1,0,0,1,1
116189,124885,15.0,NL,29.0,Limburg,F,1,0,0,0,1,1,0,0,0,0
116197,124887,30.0,NL,51.0,East Flanders,M,0,0,0,1,1,1,0,0,0,0
116432,124947,30.0,NL,47.0,West Flanders,F,1,0,1,0,1,1,0,0,0,0
116490,124964,60.0,NL,66.0,Limburg,F,1,0,0,0,1,1,0,0,0,1
116554,124990,30.0,NL,53.0,East Flanders,F,1,0,0,1,1,1,0,0,0,0
117355,125235,15.0,NL,62.0,East Flanders,F,1,0,0,1,1,1,0,0,0,0
117447,125265,30.0,NL,60.0,West Flanders,M,0,0,1,0,1,1,0,0,0,0
117460,125268,120.0,NL,51.0,East Flanders,M,0,0,0,1,1,1,0,0,1,1
117494,125280,15.0,NL,80.0,Antwerp,M,0,1,0,0,1,1,0,0,0,0
117496,125281,75.0,NL,81.0,Antwerp,F,1,1,0,0,1,1,0,0,1,1
117636,125321,135.0,NL,99.0,East Flanders,M,0,0,0,1,1,1,0,0,1,1
117760,125362,45.0,NL,61.0,Limburg,F,1,0,0,0,1,1,0,0,0,0
117864,125394,45.0,NL,70.0,Antwerp,M,0,1,0,0,1,1,0,0,0,0
117883,125398,60.0,NL,62.0,East Flanders,F,1,0,0,1,1,1,0,0,0,1
117918,125407,30.0,NL,89.0,East Flanders,F,1,0,0,1,1,1,0,0,0,0
118214,125523,15.0,FR,25.0,West Flanders,M,0,0,1,0,1,0,1,0,0,0
118283,125543,120.0,NL,65.0,Limburg,F,1,0,0,0,1,1,0,0,1,1
118294,125549,15.0,NL,58.0,East Flanders,F,1,0,0,1,1,1,0,0,0,0
118319,125555,150.0,NL,88.0,West Flanders,F,1,0,1,0,1,1,0,0,1,1
118374,125573,60.0,NL,84.0,Limburg,M,0,0,0,0,1,1,0,0,0,1
118506,125638,90.0,NL,58.0,Antwerp,F,1,1,0,0,1,1,0,0,1,1
118628,125688,60.0,NL,42.0,East Flanders,M,0,0,0,1,1,1,0,0,0,1
118738,125740,60.0,NL,71.0,East Flanders,F,1,0,0,1,1,1,0,0,0,1
118821,125778,150.0,NL,74.0,Antwerp,F,1,1,0,0,1,1,0,0,1,1
118825,125781,123.0,NL,67.0,East Flanders,F,1,0,0,1,1,1,0,0,1,1
118871,125807,30.0,NL,72.0,West Flanders,F,1,0,1,0,1,1,0,0,0,0
119131,125907,15.0,NL,65.0,East Flanders,M,0,0,0,1,1,1,0,0,0,0
119465,125993,60.0,NL,90.0,West Flanders,M,0,0,1,0,1,1,0,0,0,1
119573,126036,123.0,FR,45.0,Namur,M,0,0,0,0,1,0,1,0,1,1
119622,126070,45.0,NL,64.0,Limburg,F,1,0,0,0,1,1,0,0,0,0
119676,126094,30.0,FR,49.0,Luxembourg,M,0,0,0,0,1,0,1,0,0,0
119783,126128,30.0,NL,61.0,East Flanders,F,1,0,0,1,1,1,0,0,0,0
119823,126140,30.0,NL,72.0,Limburg,F,1,0,0,0,1,1,0,0,0,0
120033,126206,30.0,NL,34.0,Antwerp,F,1,1,0,0,1,1,0,0,0,0
120148,126247,30.0,NL,38.0,East Flanders,M,0,0,0,1,1,1,0,0,0,0
120321,126310,6.0,NL,30.0,Antwerp,F,1,1,0,0,1,1,0,0,0,0
120425,126332,120.0,NL,37.0,Antwerp,M,0,1,0,0,1,1,0,0,1,1
120561,126364,120.0,NL,70.0,West Flanders,F,1,0,1,0,1,1,0,0,1,1
120570,126365,90.0,NL,28.0,West Flanders,F,1,0,1,0,1,1,0,0,1,1
120704,126411,60.0,NL,54.0,Antwerp,M,0,1,0,0,1,1,0,0,0,1
120758,126417,9.0,NL,48.0,East Flanders,F,1,0,0,1,1,1,0,0,0,0
120768,126419,9.0,FR,61.0,Walloon Brabant,F,1,0,0,0,1,0,1,0,0,0
120807,126440,150.0,NL,84.0,Antwerp,F,1,1,0,0,1,1,0,0,1,1
120865,126455,120.0,NL,48.0,Brussels,F,1,0,0,0,1,1,0,0,1,1
120887,126467,30.0,NL,72.0,Antwerp,F,1,1,0,0,1,1,0,0,0,0
120916,126476,120.0,NL,84.0,East Flanders,M,0,0,0,1,1,1,0,0,1,1
121021,126507,9.0,NL,57.0,Flemish Brabant,M,0,0,0,0,1,1,0,0,0,0
121023,126511,30.0,NL,44.0,West Flanders,F,1,0,1,0,1,1,0,0,0,0
121269,126603,123.0,NL,58.0,Limburg,M,0,0,0,0,1,1,0,0,1,1
121369,253280,24.0,NL,59.0,Limburg,M,0,0,0,0,1,1,0,0,0,0
121371,126641,9.0,FR,44.0,Liege,M,0,0,0,0,1,0,1,0,0,0
121425,126674,120.0,NL,80.0,Antwerp,F,1,1,0,0,1,1,0,0,1,1
121466,126697,15.0,FR,55.0,Hainaut,M,0,0,0,0,1,0,1,0,0,0
121679,126757,15.0,NL,42.0,Limburg,F,1,0,0,0,1,1,0,0,0,0
121829,126809,30.0,NL,56.0,Antwerp,M,0,1,0,0,1,1,0,0,0,0
121964,126850,30.0,NL,84.0,Antwerp,F,1,1,0,0,1,1,0,0,0,0
121995,126872,120.0,NL,37.0,East Flanders,F,1,0,0,1,1,1,0,0,1,1
122022,126878,150.0,FR,59.0,Luxembourg,M,0,0,0,0,1,0,1,0,1,1
122139,126915,120.0,NL,69.0,Antwerp,M,0,1,0,0,1,1,0,0,1,1
122245,126954,120.0,NL,68.0,Antwerp,F,1,1,0,0,1,1,0,0,1,1
122278,126970,30.0,NL,77.0,Antwerp,F,1,1,0,0,1,1,0,0,0,0
122357,127003,45.0,NL,68.0,Flemish Brabant,F,1,0,0,0,1,1,0,0,0,0
122364,127004,21.0,NL,69.0,East Flanders,M,0,0,0,1,1,1,0,0,0,0
122452,127035,60.0,NL,77.0,Antwerp,F,1,1,0,0,1,1,0,0,0,1
122486,127048,30.0,NL,44.0,West Flanders,F,1,0,1,0,1,1,0,0,0,0
122528,127069,120.0,NL,82.0,Limburg,F,1,0,0,0,1,1,0,0,1,1
122663,127146,15.0,NL,43.0,East Flanders,M,0,0,0,1,1,1,0,0,0,0
122679,127150,90.0,NL,46.0,East Flanders,F,1,0,0,1,1,1,0,0,1,1
122797,127191,15.0,NL,65.0,East Flanders,M,0,0,0,1,1,1,0,0,0,0
122866,127236,90.0,NL,62.0,West Flanders,F,1,0,1,0,1,1,0,0,1,1
122925,127269,15.0,NL,64.0,East Flanders,F,1,0,0,1,1,1,0,0,0,0
122937,127273,90.0,NL,94.0,Flemish Brabant,F,1,0,0,0,1,1,0,0,1,1
122957,127277,123.0,NL,84.0,Limburg,F,1,0,0,0,1,1,0,0,1,1
122985,127285,120.0,NL,55.0,Limburg,F,1,0,0,0,1,1,0,0,1,1
123163,127355,45.0,NL,64.0,Flemish Brabant,F,1,0,0,0,1,1,0,0,0,0
123200,127370,75.0,NL,68.0,Limburg,F,1,0,0,0,1,1,0,0,1,1
123355,127423,120.0,NL,85.0,East Flanders,F,1,0,0,1,1,1,0,0,1,1
123590,127506,60.0,NL,63.0,Antwerp,F,1,1,0,0,1,1,0,0,0,1
123596,127507,60.0,NL,72.0,West Flanders,M,0,0,1,0,1,1,0,0,0,1
123740,127571,123.0,NL,65.0,West Flanders,F,1,0,1,0,1,1,0,0,1,1
123863,127619,120.0,NL,76.0,Limburg,F,1,0,0,0,1,1,0,0,1,1
123946,127643,30.0,NL,43.0,East Flanders,F,1,0,0,1,1,1,0,0,0,0
123976,127651,15.0,NL,33.0,Flemish Brabant,F,1,0,0,0,1,1,0,0,0,0
123989,127659,15.0,NL,40.0,Antwerp,M,0,1,0,0,1,1,0,0,0,0
124045,127672,60.0,NL,65.0,Antwerp,F,1,1,0,0,1,1,0,0,0,1
124148,127716,30.0,NL,65.0,West Flanders,F,1,0,1,0,1,1,0,0,0,0
124230,255488,18.0,NL,59.0,Flemish Brabant,F,1,0,0,0,1,1,0,0,0,0
124305,127781,15.0,NL,43.0,East Flanders,F,1,0,0,1,1,1,0,0,0,0
124467,127858,150.0,NL,40.0,East Flanders,F,1,0,0,1,1,1,0,0,1,1
124491,127875,36.0,NL,78.0,West Flanders,F,1,0,1,0,1,1,0,0,0,0
124513,127881,60.0,NL,55.0,West Flanders,F,1,0,1,0,1,1,0,0,0,1
124667,127944,120.0,NL,78.0,West Flanders,F,1,0,1,0,1,1,0,0,1,1
124732,127970,30.0,FR,49.0,Brussels,M,0,0,0,0,1,0,1,0,0,0
124812,128000,15.0,NL,64.0,East Flanders,M,0,0,0,1,1,1,0,0,0,0
125179,128140,15.0,FR,77.0,Brussels,M,0,0,0,0,1,0,1,0,0,0
125453,128152,75.0,FR,73.0,Liege,F,1,0,0,0,1,0,1,0,1,1
125877,128313,30.0,NL,29.0,Limburg,M,0,0,0,0,1,1,0,0,0,0
126032,128396,30.0,FR,53.0,Hainaut,M,0,0,0,0,1,0,1,0,0,0
126166,128465,120.0,NL,51.0,Flemish Brabant,M,0,0,0,0,1,1,0,0,1,1
126295,128510,15.0,NL,72.0,Antwerp,M,0,1,0,0,1,1,0,0,0,0
126331,128524,150.0,NL,63.0,Antwerp,F,1,1,0,0,1,1,0,0,1,1
126491,128595,300.0,NL,100.0,Antwerp,M,0,1,0,0,1,1,0,0,1,1
126583,128622,123.0,NL,52.0,Antwerp,F,1,1,0,0,1,1,0,0,1,1
126628,128634,30.0,NL,53.0,Antwerp,M,0,1,0,0,1,1,0,0,0,0
126670,128649,120.0,NL,54.0,West Flanders,M,0,0,1,0,1,1,0,0,1,1
126757,128678,120.0,NL,64.0,Antwerp,F,1,1,0,0,1,1,0,0,1,1
126784,128687,54.0,NL,86.0,Flemish Brabant,F,1,0,0,0,1,1,0,0,0,1
126901,128714,15.0,NL,69.0,Flemish Brabant,M,0,0,0,0,1,1,0,0,0,0
127078,128774,123.0,NL,73.0,West Flanders,F,1,0,1,0,1,1,0,0,1,1
127173,128813,12.0,FR,54.0,Antwerp,F,1,1,0,0,1,0,1,0,0,0
127181,128817,187.71,NL,60.0,Antwerp,F,1,1,0,0,1,1,0,0,1,1
127461,128940,60.0,NL,57.0,Antwerp,F,1,1,0,0,1,1,0,0,0,1
127497,128952,120.0,NL,40.0,Antwerp,F,1,1,0,0,1,1,0,0,1,1
127529,128973,360.0,NL,39.0,Flemish Brabant,F,1,0,0,0,1,1,0,0,1,1
127578,128977,6.0,NL,66.0,Flemish Brabant,M,0,0,0,0,1,1,0,0,0,0
127593,128988,60.0,NL,50.0,Antwerp,F,1,1,0,0,1,1,0,0,0,1
127713,129036,123.0,NL,63.0,Antwerp,F,1,1,0,0,1,1,0,0,1,1
127901,129109,150.0,NL,69.0,Antwerp,F,1,1,0,0,1,1,0,0,1,1
128062,129191,120.0,NL,59.0,Flemish Brabant,M,0,0,0,0,1,1,0,0,1,1
128121,129224,135.0,NL,49.0,Antwerp,F,1,1,0,0,1,1,0,0,1,1
128354,129300,120.0,NL,98.0,East Flanders,F,1,0,0,1,1,1,0,0,1,1
128478,129350,123.0,FR,56.0,Flemish Brabant,F,1,0,0,0,1,0,1,0,1,1
128584,129385,150.0,NL,48.0,Flemish Brabant,M,0,0,0,0,1,1,0,0,1,1
128604,129395,15.0,NL,54.0,Brussels,M,0,0,0,0,1,1,0,0,0,0
128734,129470,120.0,NL,48.0,East Flanders,F,1,0,0,1,1,1,0,0,1,1
128766,129493,60.0,NL,82.0,Antwerp,F,1,1,0,0,1,1,0,0,0,1
128774,129500,30.0,NL,56.0,Flemish Brabant,M,0,0,0,0,1,1,0,0,0,0
128804,129512,15.0,NL,68.0,Flemish Brabant,F,1,0,0,0,1,1,0,0,0,0
128952,129587,30.0,NL,40.0,Limburg,M,0,0,0,0,1,1,0,0,0,0
129136,129665,135.0,NL,49.0,West Flanders,F,1,0,1,0,1,1,0,0,1,1
129224,129702,123.0,NL,30.0,East Flanders,F,1,0,0,1,1,1,0,0,1,1
129304,129742,22.5,NL,27.0,Limburg,M,0,0,0,0,1,1,0,0,0,0
129321,129748,150.0,NL,91.0,West Flanders,F,1,0,1,0,1,1,0,0,1,1
129390,129785,90.0,NL,77.0,East Flanders,F,1,0,0,1,1,1,0,0,1,1
129445,129808,90.0,NL,59.0,Flemish Brabant,F,1,0,0,0,1,1,0,0,1,1
129527,129855,30.0,NL,43.0,East Flanders,F,1,0,0,1,1,1,0,0,0,0
129788,129968,45.0,NL,33.0,Antwerp,M,0,1,0,0,1,1,0,0,0,0
129888,130037,15.0,NL,67.0,East Flanders,F,1,0,0,1,1,1,0,0,0,0
129931,130052,123.0,NL,95.0,Limburg,F,1,0,0,0,1,1,0,0,1,1
129978,130084,120.0,NL,70.0,Antwerp,F,1,1,0,0,1,1,0,0,1,1
130124,130147,123.0,NL,41.0,Antwerp,F,1,1,0,0,1,1,0,0,1,1
130132,130151,75.0,NL,52.0,Brussels,M,0,0,0,0,1,1,0,0,1,1
130159,130163,7.5,NL,37.0,West Flanders,M,0,0,1,0,1,1,0,0,0,0
130179,130164,9.0,NL,78.0,West Flanders,M,0,0,1,0,1,1,0,0,0,0
130230,130188,300.0,NL,51.0,West Flanders,F,1,0,1,0,1,1,0,0,1,1
130241,130190,75.0,NL,73.0,West Flanders,F,1,0,1,0,1,1,0,0,1,1
130334,130257,123.0,NL,71.0,East Flanders,F,1,0,0,1,1,1,0,0,1,1
130356,130267,150.0,NL,41.0,West Flanders,M,0,0,1,0,1,1,0,0,1,1
130445,130310,30.0,NL,49.0,East Flanders,F,1,0,0,1,1,1,0,0,0,0
130495,130331,135.0,NL,40.0,East Flanders,M,0,0,0,1,1,1,0,0,1,1
130548,130368,120.0,NL,58.0,West Flanders,F,1,0,1,0,1,1,0,0,1,1
131104,130533,123.0,NL,63.0,Flemish Brabant,F,1,0,0,0,1,1,0,0,1,1
131190,130565,30.0,NL,61.0,West Flanders,M,0,0,1,0,1,1,0,0,0,0
131196,130567,15.0,NL,35.0,East Flanders,F,1,0,0,1,1,1,0,0,0,0
131218,130577,15.0,NL,43.0,Limburg,F,1,0,0,0,1,1,0,0,0,0
131224,130582,123.0,NL,65.0,Antwerp,M,0,1,0,0,1,1,0,0,1,1
131235,130590,30.0,NL,49.0,Limburg,F,1,0,0,0,1,1,0,0,0,0
131257,130601,30.0,NL,70.0,Antwerp,F,1,1,0,0,1,1,0,0,0,0
131354,130626,120.0,NL,75.0,Flemish Brabant,M,0,0,0,0,1,1,0,0,1,1
131396,130643,45.0,NL,62.0,East Flanders,F,1,0,0,1,1,1,0,0,0,0
131474,130651,45.0,NL,96.0,Antwerp,F,1,1,0,0,1,1,0,0,0,0
131524,130661,123.0,NL,62.0,West Flanders,M,0,0,1,0,1,1,0,0,1,1
131595,130717,123.0,FR,60.0,Hainaut,F,1,0,0,0,1,0,1,0,1,1
131675,130758,117.0,NL,27.0,Antwerp,F,1,1,0,0,1,1,0,0,1,1
131758,130823,135.0,NL,79.0,Antwerp,F,1,1,0,0,1,1,0,0,1,1
131923,130865,123.0,NL,79.0,West Flanders,M,0,0,1,0,1,1,0,0,1,1
131985,130894,15.0,NL,42.0,Flemish Brabant,M,0,0,0,0,1,1,0,0,0,0
132151,130984,30.0,NL,67.0,West Flanders,M,0,0,1,0,1,1,0,0,0,0
132545,131152,120.0,NL,69.0,Limburg,F,1,0,0,0,1,1,0,0,1,1
132562,131166,30.0,NL,31.0,Flemish Brabant,M,0,0,0,0,1,1,0,0,0,0
132645,131222,30.0,NL,62.0,East Flanders,F,1,0,0,1,1,1,0,0,0,0
132668,131231,30.0,NL,56.0,East Flanders,F,1,0,0,1,1,1,0,0,0,0
132750,131262,9.0,NL,40.0,Antwerp,M,0,1,0,0,1,1,0,0,0,0
132763,131270,9.0,NL,85.0,Antwerp,F,1,1,0,0,1,1,0,0,0,0
132870,131314,123.0,NL,55.0,West Flanders,F,1,0,1,0,1,1,0,0,1,1
132890,131326,150.0,NL,72.0,East Flanders,F,1,0,0,1,1,1,0,0,1,1
132938,131359,30.0,NL,63.0,East Flanders,F,1,0,0,1,1,1,0,0,0,0
132963,131377,60.0,NL,44.0,West Flanders,F,1,0,1,0,1,1,0,0,0,1
133169,131445,120.0,NL,81.0,East Flanders,F,1,0,0,1,1,1,0,0,1,1
133193,131454,123.0,NL,73.0,Antwerp,F,1,1,0,0,1,1,0,0,1,1
133359,131525,120.0,NL,46.0,East Flanders,F,1,0,0,1,1,1,0,0,1,1
133494,131602,120.0,NL,37.0,Antwerp,F,1,1,0,0,1,1,0,0,1,1
133528,131616,6.0,NL,26.0,West Flanders,M,0,0,1,0,1,1,0,0,0,0
133580,131634,15.0,NL,59.0,East Flanders,F,1,0,0,1,1,1,0,0,0,0
133694,131670,30.0,NL,84.0,Antwerp,F,1,1,0,0,1,1,0,0,0,0
133719,131678,21.0,NL,58.0,Limburg,M,0,0,0,0,1,1,0,0,0,0
133743,131690,75.0,NL,68.0,East Flanders,F,1,0,0,1,1,1,0,0,1,1
133745,263382,60.0,NL,59.0,Antwerp,F,1,1,0,0,1,1,0,0,0,1
133891,131746,15.0,NL,44.0,Flemish Brabant,M,0,0,0,0,1,1,0,0,0,0
133933,131764,30.0,NL,88.0,Limburg,F,1,0,0,0,1,1,0,0,0,0
134008,131801,30.0,NL,76.0,West Flanders,F,1,0,1,0,1,1,0,0,0,0
134087,131835,75.0,NL,39.0,West Flanders,F,1,0,1,0,1,1,0,0,1,1
134115,131846,30.0,NL,62.0,Antwerp,F,1,1,0,0,1,1,0,0,0,0
134279,131918,15.0,NL,63.0,Limburg,M,0,0,0,0,1,1,0,0,0,0
134319,131933,15.0,NL,29.0,East Flanders,F,1,0,0,1,1,1,0,0,0,0
134450,132001,30.0,NL,44.0,East Flanders,F,1,0,0,1,1,1,0,0,0,0
134487,132014,120.0,NL,30.0,Antwerp,M,0,1,0,0,1,1,0,0,1,1
134559,132047,15.0,NL,34.0,East Flanders,M,0,0,0,1,1,1,0,0,0,0
134604,132068,30.0,NL,66.0,Antwerp,F,1,1,0,0,1,1,0,0,0,0
134830,132179,9.0,NL,25.0,East Flanders,F,1,0,0,1,1,1,0,0,0,0
134833,132184,30.0,FR,65.0,Namur,F,1,0,0,0,1,0,1,0,0,0
134985,132238,7.5,FR,53.0,Hainaut,M,0,0,0,0,1,0,1,0,0,0
135125,132316,30.0,NL,78.0,West Flanders,F,1,0,1,0,1,1,0,0,0,0
135212,132365,30.0,NL,95.0,Limburg,M,0,0,0,0,1,1,0,0,0,0
135217,132368,15.0,NL,52.0,Antwerp,M,0,1,0,0,1,1,0,0,0,0
135242,132369,9.0,NL,33.0,Antwerp,F,1,1,0,0,1,1,0,0,0,0
135245,132370,30.0,NL,54.0,East Flanders,F,1,0,0,1,1,1,0,0,0,0
135392,132421,90.0,NL,67.0,East Flanders,M,0,0,0,1,1,1,0,0,1,1
135614,132544,120.0,NL,62.0,East Flanders,F,1,0,0,1,1,1,0,0,1,1
135695,132572,45.0,NL,56.0,West Flanders,M,0,0,1,0,1,1,0,0,0,0
135716,132577,123.0,NL,62.0,Flemish Brabant,M,0,0,0,0,1,1,0,0,1,1
135803,132634,120.0,NL,31.0,Antwerp,F,1,1,0,0,1,1,0,0,1,1
135824,132644,15.0,NL,32.0,Antwerp,F,1,1,0,0,1,1,0,0,0,0
135861,132663,123.0,NL,43.0,Flemish Brabant,M,0,0,0,0,1,1,0,0,1,1
135885,132680,30.0,NL,67.0,Antwerp,F,1,1,0,0,1,1,0,0,0,0
135936,132701,60.0,NL,91.0,Antwerp,F,1,1,0,0,1,1,0,0,0,1
136010,132726,60.0,NL,50.0,Antwerp,F,1,1,0,0,1,1,0,0,0,1
136081,132752,123.0,NL,48.0,Flemish Brabant,F,1,0,0,0,1,1,0,0,1,1
136137,132777,135.0,NL,65.0,Antwerp,F,1,1,0,0,1,1,0,0,1,1
136171,265584,300.0,NL,59.0,West Flanders,F,1,0,1,0,1,1,0,0,1,1
136199,132803,30.0,NL,73.0,East Flanders,F,1,0,0,1,1,1,0,0,0,0
136247,132835,123.0,NL,42.0,East Flanders,F,1,0,0,1,1,1,0,0,1,1
136258,132841,30.0,NL,81.0,East Flanders,M,0,0,0,1,1,1,0,0,0,0
136310,132861,120.0,NL,83.0,Antwerp,M,0,1,0,0,1,1,0,0,1,1
136314,132862,120.0,NL,89.0,Brussels,F,1,0,0,0,1,1,0,0,1,1
136408,132902,6.0,NL,70.0,Flemish Brabant,M,0,0,0,0,1,1,0,0,0,0
136609,133005,123.0,FR,69.0,West Flanders,M,0,0,1,0,1,0,1,0,1,1
136669,133039,15.0,NL,39.0,Antwerp,F,1,1,0,0,1,1,0,0,0,0
136804,133108,123.0,NL,55.0,East Flanders,F,1,0,0,1,1,1,0,0,1,1
136860,133120,15.0,NL,38.0,Limburg,M,0,0,0,0,1,1,0,0,0,0
136875,133125,150.0,NL,68.0,Flemish Brabant,M,0,0,0,0,1,1,0,0,1,1
136908,133137,15.0,NL,67.0,West Flanders,M,0,0,1,0,1,1,0,0,0,0
137018,133198,135.0,NL,40.0,Antwerp,F,1,1,0,0,1,1,0,0,1,1
137111,133237,150.0,NL,97.0,Antwerp,M,0,1,0,0,1,1,0,0,1,1
137135,133252,15.0,NL,38.0,Flemish Brabant,M,0,0,0,0,1,1,0,0,0,0
137192,133286,30.0,NL,74.0,East Flanders,F,1,0,0,1,1,1,0,0,0,0
137264,133324,120.0,NL,44.0,Antwerp,F,1,1,0,0,1,1,0,0,1,1
137312,133353,75.0,NL,67.0,Limburg,F,1,0,0,0,1,1,0,0,1,1
137358,133375,30.0,NL,71.0,West Flanders,M,0,0,1,0,1,1,0,0,0,0
137391,133395,60.0,NL,50.0,West Flanders,M,0,0,1,0,1,1,0,0,0,1
137395,133398,30.0,FR,74.0,Flemish Brabant,F,1,0,0,0,1,0,1,0,0,0
137418,133407,60.0,NL,42.0,Limburg,F,1,0,0,0,1,1,0,0,0,1
137424,133409,90.0,NL,82.0,Flemish Brabant,F,1,0,0,0,1,1,0,0,1,1
137538,133433,75.0,NL,65.0,Antwerp,F,1,1,0,0,1,1,0,0,1,1
137799,133553,30.0,NL,52.0,East Flanders,F,1,0,0,1,1,1,0,0,0,0
137868,133572,60.0,NL,46.0,Limburg,M,0,0,0,0,1,1,0,0,0,1
138032,133660,120.0,NL,63.0,West Flanders,M,0,0,1,0,1,1,0,0,1,1
138102,133698,75.0,NL,78.0,Antwerp,F,1,1,0,0,1,1,0,0,1,1
138152,133716,120.0,NL,73.0,West Flanders,F,1,0,1,0,1,1,0,0,1,1
138184,133738,120.0,NL,35.0,Flemish Brabant,F,1,0,0,0,1,1,0,0,1,1
138280,133798,120.0,NL,44.0,Flemish Brabant,M,0,0,0,0,1,1,0,0,1,1
138296,133806,15.0,NL,72.0,Antwerp,F,1,1,0,0,1,1,0,0,0,0
138345,133833,120.0,NL,61.0,Antwerp,F,1,1,0,0,1,1,0,0,1,1
138472,133902,30.0,FR,76.0,Liege,F,1,0,0,0,1,0,1,0,0,0
138580,133979,30.0,NL,59.0,Antwerp,M,0,1,0,0,1,1,0,0,0,0
138612,134001,45.0,NL,67.0,Antwerp,M,0,1,0,0,1,1,0,0,0,0
138743,134059,75.0,NL,35.0,West Flanders,F,1,0,1,0,1,1,0,0,1,1
138820,134091,30.0,NL,50.0,Limburg,F,1,0,0,0,1,1,0,0,0,0
138866,134113,135.0,NL,48.0,East Flanders,F,1,0,0,1,1,1,0,0,1,1
139046,134173,36.0,NL,88.0,Limburg,F,1,0,0,0,1,1,0,0,0,0
139070,134186,15.0,NL,64.0,West Flanders,M,0,0,1,0,1,1,0,0,0,0
139081,134190,30.0,NL,44.0,East Flanders,F,1,0,0,1,1,1,0,0,0,0
139194,134257,15.0,NL,52.0,Limburg,M,0,0,0,0,1,1,0,0,0,0
139295,134279,3.0,NL,44.0,Limburg,M,0,0,0,0,1,1,0,0,0,0
139359,134305,30.0,NL,89.0,Limburg,M,0,0,0,0,1,1,0,0,0,0
139602,134409,15.0,NL,56.0,East Flanders,M,0,0,0,1,1,1,0,0,0,0
139725,134437,120.0,NL,88.0,Flemish Brabant,F,1,0,0,0,1,1,0,0,1,1
139753,134452,150.0,NL,45.0,Antwerp,F,1,1,0,0,1,1,0,0,1,1
139840,134501,123.0,NL,85.0,East Flanders,F,1,0,0,1,1,1,0,0,1,1
139851,134505,30.0,NL,88.0,Flemish Brabant,F,1,0,0,0,1,1,0,0,0,0
139922,134548,15.0,NL,42.0,West Flanders,M,0,0,1,0,1,1,0,0,0,0
139936,134558,150.0,NL,73.0,Flemish Brabant,F,1,0,0,0,1,1,0,0,1,1
139985,134582,123.0,NL,76.0,West Flanders,M,0,0,1,0,1,1,0,0,1,1
140172,134643,30.0,NL,32.0,Flemish Brabant,F,1,0,0,0,1,1,0,0,0,0
140389,134763,30.0,NL,64.0,Flemish Brabant,F,1,0,0,0,1,1,0,0,0,0
140396,134766,15.0,NL,91.0,East Flanders,F,1,0,0,1,1,1,0,0,0,0
140437,134785,90.0,NL,81.0,Flemish Brabant,F,1,0,0,0,1,1,0,0,1,1
140482,134805,30.0,NL,39.0,East Flanders,M,0,0,0,1,1,1,0,0,0,0
140508,134825,15.0,NL,50.0,Limburg,M,0,0,0,0,1,1,0,0,0,0
140546,134843,60.0,NL,75.0,Flemish Brabant,F,1,0,0,0,1,1,0,0,0,1
140614,134878,30.0,NL,66.0,Flemish Brabant,F,1,0,0,0,1,1,0,0,0,0
140758,134953,120.0,NL,71.0,West Flanders,F,1,0,1,0,1,1,0,0,1,1
140771,134966,90.0,NL,44.0,West Flanders,F,1,0,1,0,1,1,0,0,1,1
140827,134996,150.0,NL,67.0,East Flanders,F,1,0,0,1,1,1,0,0,1,1
140832,135001,60.0,NL,76.0,Limburg,F,1,0,0,0,1,1,0,0,0,1
140863,135014,30.0,NL,90.0,Antwerp,F,1,1,0,0,1,1,0,0,0,0
140943,135052,15.0,NL,42.0,Limburg,M,0,0,0,0,1,1,0,0,0,0
141125,135152,60.0,NL,65.0,Limburg,F,1,0,0,0,1,1,0,0,0,1
141209,135191,120.0,NL,62.0,Antwerp,F,1,1,0,0,1,1,0,0,1,1
141335,135263,123.0,NL,52.0,East Flanders,F,1,0,0,1,1,1,0,0,1,1
141362,135274,123.0,FR,60.0,Liege,M,0,0,0,0,1,0,1,0,1,1
141366,135276,30.0,NL,61.0,Limburg,M,0,0,0,0,1,1,0,0,0,0
141433,135321,30.0,NL,85.0,Flemish Brabant,M,0,0,0,0,1,1,0,0,0,0
141484,135348,30.0,FR,37.0,Brussels,F,1,0,0,0,1,0,1,0,0,0
141520,135376,15.0,FR,67.0,Brussels,F,1,0,0,0,1,0,1,0,0,0
141546,135391,60.0,NL,67.0,Flemish Brabant,F,1,0,0,0,1,1,0,0,0,1
141653,135441,150.0,NL,71.0,Antwerp,F,1,1,0,0,1,1,0,0,1,1
141660,135444,60.0,FR,71.0,Liege,F,1,0,0,0,1,0,1,0,0,1
141674,135459,30.0,FR,55.0,Brussels,M,0,0,0,0,1,0,1,0,0,0
141892,135578,150.0,NL,86.0,West Flanders,F,1,0,1,0,1,1,0,0,1,1
141998,135633,123.0,FR,51.0,Liege,F,1,0,0,0,1,0,1,0,1,1
142286,135735,600.0,FR,68.0,Luxembourg,F,1,0,0,0,1,0,1,0,1,1
142391,135815,120.0,NL,57.0,Limburg,F,1,0,0,0,1,1,0,0,1,1
142420,135832,150.0,NL,69.0,Antwerp,F,1,1,0,0,1,1,0,0,1,1
142456,135855,45.0,NL,73.0,East Flanders,M,0,0,0,1,1,1,0,0,0,0
142475,135866,120.0,NL,93.0,Limburg,F,1,0,0,0,1,1,0,0,1,1
142481,135868,120.0,NL,75.0,Limburg,F,1,0,0,0,1,1,0,0,1,1
142536,135905,150.0,NL,47.0,Antwerp,F,1,1,0,0,1,1,0,0,1,1
142577,135922,30.0,NL,41.0,West Flanders,F,1,0,1,0,1,1,0,0,0,0
142589,135925,60.0,NL,87.0,East Flanders,F,1,0,0,1,1,1,0,0,0,1
142606,135934,30.0,NL,86.0,Antwerp,F,1,1,0,0,1,1,0,0,0,0
142621,135939,15.0,NL,71.0,Antwerp,M,0,1,0,0,1,1,0,0,0,0
142625,135941,30.0,NL,55.0,Antwerp,M,0,1,0,0,1,1,0,0,0,0
142899,136073,120.0,NL,88.0,Antwerp,M,0,1,0,0,1,1,0,0,1,1
142907,136077,60.0,NL,34.0,East Flanders,F,1,0,0,1,1,1,0,0,0,1
142995,136122,123.0,NL,77.0,West Flanders,M,0,0,1,0,1,1,0,0,1,1
143038,136150,15.0,NL,46.0,Flemish Brabant,F,1,0,0,0,1,1,0,0,0,0
143110,136197,15.0,NL,36.0,East Flanders,F,1,0,0,1,1,1,0,0,0,0
143198,136264,15.0,NL,47.0,West Flanders,F,1,0,1,0,1,1,0,0,0,0
143237,136274,120.0,NL,75.0,East Flanders,F,1,0,0,1,1,1,0,0,1,1
143277,136293,150.0,NL,83.0,West Flanders,F,1,0,1,0,1,1,0,0,1,1
143357,136339,123.0,NL,28.0,East Flanders,F,1,0,0,1,1,1,0,0,1,1
143406,136354,7.5,NL,52.0,Antwerp,M,0,1,0,0,1,1,0,0,0,0
143435,136370,120.0,FR,89.0,West Flanders,F,1,0,1,0,1,0,1,0,1,1
143526,136424,123.0,NL,36.0,East Flanders,M,0,0,0,1,1,1,0,0,1,1
143554,136447,120.0,NL,73.0,East Flanders,F,1,0,0,1,1,1,0,0,1,1
143620,136484,90.0,NL,43.0,East Flanders,F,1,0,0,1,1,1,0,0,1,1
143656,136501,1430.61,NL,60.0,East Flanders,F,1,0,0,1,1,1,0,0,1,1
143661,136503,60.0,NL,91.0,Antwerp,F,1,1,0,0,1,1,0,0,0,1
143738,136544,135.0,NL,55.0,Antwerp,M,0,1,0,0,1,1,0,0,1,1
143748,136549,120.0,NL,54.0,Antwerp,M,0,1,0,0,1,1,0,0,1,1
143831,136596,30.0,NL,38.0,East Flanders,F,1,0,0,1,1,1,0,0,0,0
143842,136606,15.0,NL,44.0,Flemish Brabant,M,0,0,0,0,1,1,0,0,0,0
143865,136619,15.0,NL,55.0,Limburg,M,0,0,0,0,1,1,0,0,0,0
143904,136646,150.0,NL,75.0,West Flanders,F,1,0,1,0,1,1,0,0,1,1
143948,136683,75.0,NL,79.0,Limburg,F,1,0,0,0,1,1,0,0,1,1
144010,136733,120.0,NL,64.0,Antwerp,F,1,1,0,0,1,1,0,0,1,1
144029,136741,120.0,NL,62.0,East Flanders,M,0,0,0,1,1,1,0,0,1,1
144107,136787,150.0,FR,49.0,Antwerp,M,0,1,0,0,1,0,1,0,1,1
144434,136941,15.0,FR,37.0,Namur,F,1,0,0,0,1,0,1,0,0,0
144456,136951,120.0,NL,65.0,Flemish Brabant,F,1,0,0,0,1,1,0,0,1,1
144461,136959,120.0,NL,79.0,Flemish Brabant,F,1,0,0,0,1,1,0,0,1,1
144469,136971,60.0,NL,92.0,Limburg,F,1,0,0,0,1,1,0,0,0,1
144544,137038,135.0,FR,68.0,Namur,F,1,0,0,0,1,0,1,0,1,1
144575,137076,30.0,FR,50.0,Liege,F,1,0,0,0,1,0,1,0,0,0
144654,137131,60.0,NL,47.0,Flemish Brabant,F,1,0,0,0,1,1,0,0,0,1
144675,137142,120.0,NL,87.0,Antwerp,M,0,1,0,0,1,1,0,0,1,1
144728,137177,120.0,NL,65.0,Limburg,F,1,0,0,0,1,1,0,0,1,1
144750,137189,120.0,NL,53.0,West Flanders,F,1,0,1,0,1,1,0,0,1,1
144769,137211,45.0,NL,83.0,Flemish Brabant,F,1,0,0,0,1,1,0,0,0,0
144788,137228,120.0,NL,60.0,Limburg,F,1,0,0,0,1,1,0,0,1,1
144860,137273,4.5,NL,71.0,Antwerp,M,0,1,0,0,1,1,0,0,0,0
144873,137280,150.0,NL,92.0,West Flanders,F,1,0,1,0,1,1,0,0,1,1
144910,137302,30.0,NL,69.0,East Flanders,F,1,0,0,1,1,1,0,0,0,0
144941,137318,120.0,NL,46.0,East Flanders,M,0,0,0,1,1,1,0,0,1,1
144964,137325,150.0,NL,96.0,West Flanders,F,1,0,1,0,1,1,0,0,1,1
145031,137368,120.0,NL,85.0,West Flanders,F,1,0,1,0,1,1,0,0,1,1
145217,137478,123.0,NL,92.0,East Flanders,F,1,0,0,1,1,1,0,0,1,1
145395,137574,15.0,NL,48.0,West Flanders,M,0,0,1,0,1,1,0,0,0,0
145647,137774,15.0,FR,34.0,Brussels,M,0,0,0,0,1,0,1,0,0,0
145799,137938,240.0,FR,55.0,Liege,F,1,0,0,0,1,0,1,0,1,1
145830,137966,300.0,FR,31.0,Brussels,F,1,0,0,0,1,0,1,0,1,1
145853,137988,120.0,NL,97.0,West Flanders,F,1,0,1,0,1,1,0,0,1,1
145858,137992,15.0,NL,61.0,East Flanders,F,1,0,0,1,1,1,0,0,0,0
145882,138022,30.0,NL,34.0,West Flanders,F,1,0,1,0,1,1,0,0,0,0
145907,138041,120.0,NL,89.0,Antwerp,F,1,1,0,0,1,1,0,0,1,1
145936,138073,120.0,NL,70.0,West Flanders,F,1,0,1,0,1,1,0,0,1,1
145952,138088,60.0,NL,28.0,Antwerp,F,1,1,0,0,1,1,0,0,0,1
146119,138232,120.0,NL,51.0,West Flanders,F,1,0,1,0,1,1,0,0,1,1
146201,138253,150.0,NL,66.0,Limburg,F,1,0,0,0,1,1,0,0,1,1
146220,138272,120.0,NL,46.0,East Flanders,M,0,0,0,1,1,1,0,0,1,1
146418,138449,24.0,NL,89.0,East Flanders,M,0,0,0,1,1,1,0,0,0,0
146492,138504,30.0,NL,83.0,East Flanders,M,0,0,0,1,1,1,0,0,0,0
146505,138518,30.0,NL,49.0,Flemish Brabant,F,1,0,0,0,1,1,0,0,0,0
146536,138545,120.0,NL,37.0,Flemish Brabant,M,0,0,0,0,1,1,0,0,1,1
146548,138555,150.0,NL,76.0,East Flanders,F,1,0,0,1,1,1,0,0,1,1
146595,138581,120.0,NL,60.0,Antwerp,M,0,1,0,0,1,1,0,0,1,1
146643,138644,150.0,NL,56.0,West Flanders,F,1,0,1,0,1,1,0,0,1,1
146653,138650,15.0,NL,49.0,Limburg,F,1,0,0,0,1,1,0,0,0,0
146756,138757,15.0,NL,47.0,East Flanders,M,0,0,0,1,1,1,0,0,0,0
146801,138809,75.0,NL,74.0,East Flanders,F,1,0,0,1,1,1,0,0,1,1
146819,138827,30.0,NL,53.0,West Flanders,F,1,0,1,0,1,1,0,0,0,0
146843,138847,30.0,NL,29.0,Flemish Brabant,F,1,0,0,0,1,1,0,0,0,0
146857,138862,123.0,NL,55.0,Limburg,M,0,0,0,0,1,1,0,0,1,1
146894,138901,150.0,NL,38.0,Limburg,F,1,0,0,0,1,1,0,0,1,1
146929,138938,120.0,NL,44.0,West Flanders,F,1,0,1,0,1,1,0,0,1,1
146976,138983,15.0,NL,50.0,Limburg,F,1,0,0,0,1,1,0,0,0,0
146991,138997,15.0,NL,50.0,Antwerp,M,0,1,0,0,1,1,0,0,0,0
146994,138999,123.0,NL,27.0,Limburg,F,1,0,0,0,1,1,0,0,1,1
147147,139132,120.0,NL,73.0,West Flanders,M,0,0,1,0,1,1,0,0,1,1
147223,139205,300.0,NL,61.0,East Flanders,M,0,0,0,1,1,1,0,0,1,1
147282,139258,30.0,NL,49.0,Antwerp,F,1,1,0,0,1,1,0,0,0,0
147386,139366,60.0,NL,48.0,West Flanders,F,1,0,1,0,1,1,0,0,0,1
147443,139432,150.0,NL,38.0,East Flanders,F,1,0,0,1,1,1,0,0,1,1
147452,139440,15.0,NL,31.0,East Flanders,F,1,0,0,1,1,1,0,0,0,0
147479,139463,30.0,NL,54.0,West Flanders,M,0,0,1,0,1,1,0,0,0,0
147487,139468,15.0,NL,29.0,East Flanders,M,0,0,0,1,1,1,0,0,0,0
147540,139514,150.0,NL,71.0,East Flanders,F,1,0,0,1,1,1,0,0,1,1
147565,139535,30.0,NL,47.0,West Flanders,F,1,0,1,0,1,1,0,0,0,0
147583,139549,15.0,NL,70.0,Antwerp,M,0,1,0,0,1,1,0,0,0,0
147591,139554,15.0,NL,73.0,East Flanders,F,1,0,0,1,1,1,0,0,0,0
147615,139578,123.0,NL,43.0,Limburg,F,1,0,0,0,1,1,0,0,1,1
147650,139616,123.0,NL,67.0,East Flanders,M,0,0,0,1,1,1,0,0,1,1
147670,139634,15.0,NL,46.0,Flemish Brabant,M,0,0,0,0,1,1,0,0,0,0
147698,139660,30.0,NL,62.0,Antwerp,F,1,1,0,0,1,1,0,0,0,0
147711,139671,30.0,NL,68.0,West Flanders,F,1,0,1,0,1,1,0,0,0,0
147742,139700,15.0,NL,64.0,Antwerp,M,0,1,0,0,1,1,0,0,0,0
147750,139708,9.0,NL,45.0,East Flanders,F,1,0,0,1,1,1,0,0,0,0
147825,139781,30.0,NL,48.0,Antwerp,F,1,1,0,0,1,1,0,0,0,0
147832,139787,150.0,NL,75.0,Flemish Brabant,M,0,0,0,0,1,1,0,0,1,1
147901,139862,15.0,NL,53.0,Limburg,F,1,0,0,0,1,1,0,0,0,0
147929,139888,123.0,NL,38.0,West Flanders,F,1,0,1,0,1,1,0,0,1,1
147941,139897,30.0,NL,53.0,West Flanders,F,1,0,1,0,1,1,0,0,0,0
147949,139902,30.0,NL,59.0,East Flanders,F,1,0,0,1,1,1,0,0,0,0
147991,139937,120.0,NL,32.0,Flemish Brabant,M,0,0,0,0,1,1,0,0,1,1
147994,139940,30.0,NL,43.0,Antwerp,F,1,1,0,0,1,1,0,0,0,0
147996,139941,120.0,NL,88.0,Antwerp,F,1,1,0,0,1,1,0,0,1,1
148061,140007,60.0,NL,39.0,East Flanders,F,1,0,0,1,1,1,0,0,0,1
148115,140064,15.0,NL,27.0,East Flanders,M,0,0,0,1,1,1,0,0,0,0
148148,140095,15.0,NL,69.0,Antwerp,M,0,1,0,0,1,1,0,0,0,0
148231,140179,6.0,NL,60.0,East Flanders,M,0,0,0,1,1,1,0,0,0,0
148246,140195,15.0,NL,48.0,Limburg,M,0,0,0,0,1,1,0,0,0,0
148262,140211,15.0,NL,79.0,Antwerp,M,0,1,0,0,1,1,0,0,0,0
148275,140221,123.0,NL,37.0,Flemish Brabant,F,1,0,0,0,1,1,0,0,1,1
148296,140239,120.0,NL,50.0,East Flanders,F,1,0,0,1,1,1,0,0,1,1
148315,140253,7.5,NL,31.0,East Flanders,M,0,0,0,1,1,1,0,0,0,0
148334,140271,60.0,FR,94.0,Antwerp,F,1,1,0,0,1,0,1,0,0,1
148366,140302,6.0,NL,41.0,East Flanders,M,0,0,0,1,1,1,0,0,0,0
148369,140306,15.0,NL,75.0,Flemish Brabant,F,1,0,0,0,1,1,0,0,0,0
148399,140337,30.0,NL,44.0,Antwerp,F,1,1,0,0,1,1,0,0,0,0
148415,140351,30.0,NL,57.0,Antwerp,M,0,1,0,0,1,1,0,0,0,0
148564,140491,30.0,NL,76.0,Flemish Brabant,M,0,0,0,0,1,1,0,0,0,0
148567,140493,15.0,NL,37.0,Limburg,F,1,0,0,0,1,1,0,0,0,0
148576,140498,30.0,NL,67.0,Limburg,F,1,0,0,0,1,1,0,0,0,0
148583,140504,30.0,NL,58.0,East Flanders,M,0,0,0,1,1,1,0,0,0,0
148609,140530,15.0,NL,69.0,East Flanders,F,1,0,0,1,1,1,0,0,0,0
148641,140566,123.0,NL,53.0,East Flanders,M,0,0,0,1,1,1,0,0,1,1
148718,140650,30.0,NL,52.0,West Flanders,F,1,0,1,0,1,1,0,0,0,0
148748,140676,120.0,NL,97.0,Antwerp,F,1,1,0,0,1,1,0,0,1,1
148751,140677,75.0,NL,61.0,Antwerp,F,1,1,0,0,1,1,0,0,1,1
148757,140683,30.0,NL,58.0,East Flanders,M,0,0,0,1,1,1,0,0,0,0
148780,140712,30.0,NL,68.0,East Flanders,F,1,0,0,1,1,1,0,0,0,0
148803,140735,7.5,NL,32.0,East Flanders,M,0,0,0,1,1,1,0,0,0,0
148832,140759,60.0,NL,66.0,Antwerp,F,1,1,0,0,1,1,0,0,0,1
148845,140770,15.0,NL,50.0,East Flanders,M,0,0,0,1,1,1,0,0,0,0
148906,140831,123.0,NL,100.0,Antwerp,F,1,1,0,0,1,1,0,0,1,1
148948,140869,60.0,NL,86.0,East Flanders,F,1,0,0,1,1,1,0,0,0,1
148960,281770,30.0,NL,59.0,Limburg,F,1,0,0,0,1,1,0,0,0,0
149037,140936,123.0,NL,59.0,Antwerp,F,1,1,0,0,1,1,0,0,1,1
149046,140944,9.0,NL,68.0,Antwerp,F,1,1,0,0,1,1,0,0,0,0
149049,140947,30.0,NL,56.0,East Flanders,F,1,0,0,1,1,1,0,0,0,0
149110,141001,30.0,NL,59.0,West Flanders,M,0,0,1,0,1,1,0,0,0,0
149114,141003,15.0,NL,30.0,West Flanders,F,1,0,1,0,1,1,0,0,0,0
149137,141020,60.0,NL,75.0,Limburg,F,1,0,0,0,1,1,0,0,0,1
149155,141038,120.0,NL,33.0,East Flanders,F,1,0,0,1,1,1,0,0,1,1
149184,141066,30.0,NL,69.0,East Flanders,F,1,0,0,1,1,1,0,0,0,0
149189,141070,60.0,NL,86.0,Antwerp,M,0,1,0,0,1,1,0,0,0,1
149199,141076,15.0,NL,49.0,Flemish Brabant,M,0,0,0,0,1,1,0,0,0,0
149235,141103,12.0,NL,56.0,West Flanders,M,0,0,1,0,1,1,0,0,0,0
149237,141104,120.0,NL,38.0,West Flanders,M,0,0,1,0,1,1,0,0,1,1
149244,141113,15.0,NL,70.0,Limburg,M,0,0,0,0,1,1,0,0,0,0
149255,141120,15.0,NL,26.0,Antwerp,M,0,1,0,0,1,1,0,0,0,0
149257,141121,15.0,NL,99.0,Antwerp,M,0,1,0,0,1,1,0,0,0,0
149285,141146,15.0,NL,75.0,Flemish Brabant,F,1,0,0,0,1,1,0,0,0,0
149378,141231,120.0,NL,82.0,Antwerp,F,1,1,0,0,1,1,0,0,1,1
149415,141270,15.0,NL,78.0,Antwerp,M,0,1,0,0,1,1,0,0,0,0
149461,141314,240.0,NL,35.0,Limburg,F,1,0,0,0,1,1,0,0,1,1
149465,141319,15.0,NL,50.0,Limburg,M,0,0,0,0,1,1,0,0,0,0
149513,141370,120.0,NL,75.0,West Flanders,F,1,0,1,0,1,1,0,0,1,1
149516,141373,123.0,NL,60.0,Limburg,F,1,0,0,0,1,1,0,0,1,1
149535,141393,120.0,NL,45.0,Flemish Brabant,F,1,0,0,0,1,1,0,0,1,1
149545,141400,30.0,NL,74.0,East Flanders,F,1,0,0,1,1,1,0,0,0,0
149598,141443,30.0,NL,61.0,East Flanders,F,1,0,0,1,1,1,0,0,0,0
149606,141450,30.0,NL,69.0,East Flanders,M,0,0,0,1,1,1,0,0,0,0
149627,141466,30.0,NL,41.0,Antwerp,M,0,1,0,0,1,1,0,0,0,0
149645,141481,75.0,NL,73.0,Limburg,F,1,0,0,0,1,1,0,0,1,1
149660,141496,30.0,NL,30.0,East Flanders,M,0,0,0,1,1,1,0,0,0,0
149675,141512,120.0,NL,29.0,East Flanders,M,0,0,0,1,1,1,0,0,1,1
149714,141553,123.0,NL,51.0,Flemish Brabant,F,1,0,0,0,1,1,0,0,1,1
149727,141560,6.0,NL,34.0,West Flanders,F,1,0,1,0,1,1,0,0,0,0
149743,141574,30.0,NL,74.0,West Flanders,F,1,0,1,0,1,1,0,0,0,0
149820,141662,60.0,NL,49.0,Flemish Brabant,F,1,0,0,0,1,1,0,0,0,1
149830,141671,30.0,FR,26.0,Brussels,M,0,0,0,0,1,0,1,0,0,0
149846,141687,120.0,NL,69.0,Flemish Brabant,F,1,0,0,0,1,1,0,0,1,1
149874,141716,30.0,NL,55.0,East Flanders,F,1,0,0,1,1,1,0,0,0,0
149883,141722,15.0,NL,46.0,Flemish Brabant,M,0,0,0,0,1,1,0,0,0,0
149915,141757,60.0,NL,84.0,Brussels,F,1,0,0,0,1,1,0,0,0,1
149920,141760,7.5,NL,47.0,Limburg,F,1,0,0,0,1,1,0,0,0,0
149944,141772,15.0,NL,36.0,West Flanders,F,1,0,1,0,1,1,0,0,0,0
149979,141813,30.0,NL,32.0,East Flanders,M,0,0,0,1,1,1,0,0,0,0
150065,141903,75.0,NL,61.0,West Flanders,M,0,0,1,0,1,1,0,0,1,1
150072,141908,300.0,NL,47.0,West Flanders,M,0,0,1,0,1,1,0,0,1,1
150118,141984,123.0,FR,62.0,Hainaut,F,1,0,0,0,1,0,1,0,1,1
150285,142168,15.0,NL,61.0,Flemish Brabant,M,0,0,0,0,1,1,0,0,0,0
150360,142177,30.0,NL,69.0,Antwerp,F,1,1,0,0,1,1,0,0,0,0
150430,142235,60.0,NL,95.0,Limburg,F,1,0,0,0,1,1,0,0,0,1
150620,144274,15.0,NL,47.0,East Flanders,M,0,0,0,1,1,1,0,0,0,0
150680,144351,123.0,NL,63.0,Flemish Brabant,F,1,0,0,0,1,1,0,0,1,1
150683,144353,120.0,NL,47.0,Limburg,M,0,0,0,0,1,1,0,0,1,1
150698,144356,6.0,FR,51.0,Hainaut,M,0,0,0,0,1,0,1,0,0,0
150780,144377,15.0,NL,48.0,East Flanders,M,0,0,0,1,1,1,0,0,0,0
151109,144450,120.0,NL,60.0,Flemish Brabant,M,0,0,0,0,1,1,0,0,1,1
151157,144466,30.0,NL,69.0,Flemish Brabant,F,1,0,0,0,1,1,0,0,0,0
151189,144479,60.0,NL,60.0,Flemish Brabant,F,1,0,0,0,1,1,0,0,0,1
151223,144491,12.0,NL,65.0,Antwerp,F,1,1,0,0,1,1,0,0,0,0
151238,144496,120.0,NL,57.0,East Flanders,F,1,0,0,1,1,1,0,0,1,1
151519,144618,60.0,NL,34.0,West Flanders,F,1,0,1,0,1,1,0,0,0,1
151529,144621,30.0,NL,60.0,Flemish Brabant,M,0,0,0,0,1,1,0,0,0,0
151531,144622,120.0,NL,82.0,West Flanders,F,1,0,1,0,1,1,0,0,1,1
151535,144623,15.0,NL,48.0,West Flanders,M,0,0,1,0,1,1,0,0,0,0
151543,144624,120.0,NL,70.0,East Flanders,F,1,0,0,1,1,1,0,0,1,1
